,Sehir,İlce,Mahalle,Fiyat,brüt metrekare,Net Metrekare,Oda Sayısı,Binanın Yaşı,Bulunduğu Kat,Krediye Uygunluk
0,İstanbul,Beylikdüzü,Kavaklı Mahallesi,1899000,145,130,3+1,0 (Yeni),3. Kat,Krediye Uygun
1,İstanbul,Beylikdüzü,Yakuplu Mahallesi,1299000,120,110,2+1,0 (Yeni),2. Kat,Krediye Uygun
2,İstanbul,Beylikdüzü,Marmara Mahallesi,2699000,172,160,3+1,0 (Yeni),2. Kat,Krediye Uygun
3,İstanbul,Beylikdüzü,Cumhuriyet Mahallesi,900000,150,130,3+1,4,1. Kat,Krediye Uygun
4,İstanbul,Beylikdüzü,Adnan Kahveci Mahallesi,1949999,155,145,3+1,0 (Yeni),2. Kat,Krediye Uygun
5,İstanbul,Beylikdüzü,Adnan Kahveci Mahallesi,1199999,120,110,2+1,0 (Yeni),1. Kat,Krediye Uygun
6,İstanbul,Beylikdüzü,Adnan Kahveci Mahallesi,2399999,220,200,4+2,0 (Yeni),2. Kat,Krediye Uygun
7,İstanbul,Beylikdüzü,Adnan Kahveci Mahallesi,1649999,140,120,2+1,0 (Yeni),4. Kat,Krediye Uygun
8,İstanbul,Beylikdüzü,Adnan Kahveci Mahallesi,1199999,120,110,2+1,0 (Yeni),1. Kat,Krediye Uygun
9,İstanbul,Beylikdüzü,Yakuplu Mahallesi,1100000,110,105,2+1,0 (Yeni),2. Kat,Krediye Uygun
10,İstanbul,Beylikdüzü,Kavaklı Mahallesi,1899000,150,140,3+1,0 (Yeni),2. Kat,Krediye Uygun
11,İstanbul,Beylikdüzü,Cumhuriyet Mahallesi,1095000,150,130,3+1,5-10,2. Kat,Krediye Uygun
12,İstanbul,Beylikdüzü,Barış Mahallesi,1750000,155,140,3+1,16-20,1. Kat,Krediye Uygun
13,İstanbul,Beylikdüzü,Yakuplu Mahallesi,1650000,220,200,3+2,0 (Yeni),4. Kat,Krediye Uygun
14,İstanbul,Esenyurt,Barbaros Hayrettin Paşa Mahallesi,1850000,150,135,3+1,4,8. Kat,Krediye Uygun
15,İstanbul,Beylikdüzü,Cumhuriyet Mahallesi,629000,115,100,2+1,4,2. Kat,Krediye Uygun
16,İstanbul,Fatih,Derviş Ali Mahallesi,1250000,90,80,2.5+1,21 Ve Üzeri,1. Kat,Krediye Uygun
17,İstanbul,Büyükçekmece,Güzelce Mahallesi,15000000,1460,460,8+ Oda,5-10,Villa Tipi,Krediye Uygun
18,İstanbul,Beylikdüzü,Kavaklı Mahallesi,1649000,115,110,2+1,0 (Yeni),2. Kat,Krediye Uygun
19,İstanbul,Esenyurt,Atatürk Mahallesi,919000,120,110,2+1,3,3. Kat,Krediye Uygun
20,İstanbul,Beylikdüzü,Marmara Mahallesi,1650000,105,100,2+1,0 (Yeni),2. Kat,Krediye Uygun
21,İstanbul,Esenyurt,Battalgazi Mahallesi,535000,100,95,2+1,5-10,Bahçe Katı,Krediye Uygun
22,İstanbul,Beylikdüzü,Adnan Kahveci Mahallesi,1690000,110,90,2+1,0 (Yeni),1. Kat,Krediye Uygun
23,İstanbul,Beyoğlu,İstiklal Mahallesi,6000000,139,100,2+1,2,5. Kat,Krediye Uygun
24,İstanbul,Beylikdüzü,Yakuplu Mahallesi,1050000,95,75,2+1,5-10,3. Kat,Krediye Uygun
25,İstanbul,Eyüpsultan,İslambey Mahallesi,1000000,100,90,2+1,2,Yüksek Giriş,Krediye Uygun
26,İstanbul,Sarıyer,Zekeriyaköy Mahallesi,9150000,270,250,4+2,21 Ve Üzeri,Çatı Dubleks,Krediye Uygun
27,İstanbul,Üsküdar,Bulgurlu Mahallesi,810000,55,50,1+1,0 (Yeni),Düz Giriş,Krediye Uygun
28,İstanbul,Fatih,Mevlanakapı Mahallesi,760000,85,80,2+1,21 Ve Üzeri,1. Kat,Krediye Uygun
29,İstanbul,Sultangazi,İsmetpaşa Mahallesi,910000,160,145,4+1,5-10,Bahçe Katı,Krediye Uygun
30,İstanbul,Fatih,Mevlanakapı Mahallesi,760000,85,80,2+1,21 Ve Üzeri,1. Kat,Krediye Uygun
31,İstanbul,Sultangazi,İsmetpaşa Mahallesi,910000,160,145,4+1,5-10,Bahçe Katı,Krediye Uygun
32,İstanbul,Esenyurt,Saadetdere Mahallesi,1100000,136,126,3+1,5-10,1. Kat,Krediye Uygun
33,İstanbul,Esenyurt,Turgut Özal Mahallesi,930000,100,90,2+1,4,2. Kat,Krediye Uygun
34,İstanbul,Fatih,Mevlanakapı Mahallesi,750000,85,80,2+1,21 Ve Üzeri,1. Kat,Krediye Uygun
35,İstanbul,Sancaktepe,Merve Mahallesi,1650000,150,140,3+1,4,2. Kat,Krediye Uygun
36,İstanbul,Şişli,Cumhuriyet Mahallesi,6000000,85,60,1+1,0 (Yeni),28. Kat,Bilinmiyor
37,İstanbul,Avcılar,Cihangir Mahallesi,720000,115,108,2+1,21 Ve Üzeri,1. Kat,Krediye Uygun
38,İstanbul,Eyüpsultan,İslambey Mahallesi,1450000,86,85,2+1,0 (Yeni),1. Kat,Krediye Uygun
39,İstanbul,Bahçelievler,Fevzi Çakmak Mahallesi,1500000,90,85,2.5+1,0 (Yeni),5. Kat,Krediye Uygun
40,İstanbul,Bahçelievler,Fevzi Çakmak Mahallesi,1900000,120,100,4+1,0 (Yeni),4. Kat,Krediye Uygun
41,İstanbul,Güngören,Sanayi Mahallesi,650000,78,63,2+1,5-10,Bahçe Katı,Krediye Uygun
42,İstanbul,Başakşehir,Altınşehir Mahallesi,850000,85,75,2+1,0 (Yeni),Yüksek Giriş,Krediye Uygun
43,İstanbul,Beylikdüzü,Cumhuriyet Mahallesi,719999,130,120,2+1,0 (Yeni),2. Kat,Krediye Uygun
44,İstanbul,Beylikdüzü,Cumhuriyet Mahallesi,579999,120,110,2+1,0 (Yeni),1. Kat,Krediye Uygun
45,İstanbul,Başakşehir,Altınşehir Mahallesi,1150000,130,120,3+1,0 (Yeni),1. Kat,Krediye Uygun
46,İstanbul,Beylikdüzü,Cumhuriyet Mahallesi,699999,200,190,3+1,0 (Yeni),Çatı Dubleks,Krediye Uygun
47,İstanbul,Beylikdüzü,Cumhuriyet Mahallesi,679999,120,110,2+1,0 (Yeni),2. Kat,Krediye Uygun
48,İstanbul,Avcılar,Merkez Mahallesi,800000,90,80,2+1,21 Ve Üzeri,4. Kat,Bilinmiyor
49,İstanbul,Küçükçekmece,Halkalı Merkez Mahallesi,2050000,170,150,4+2,5-10,2. Kat,Krediye Uygun
50,İstanbul,Beylikdüzü,Cumhuriyet Mahallesi,1100000,100,95,2+1,4,Düz Giriş,Krediye Uygun
51,İstanbul,Beylikdüzü,Beylikdüzü OSB Mahallesi,699000,100,90,2+1,3,1. Kat,Krediye Uygun
52,İstanbul,Beylikdüzü,Cumhuriyet Mahallesi,479000,100,90,2+1,5-10,Bahçe Katı,Krediye Uygun
53,İstanbul,Küçükçekmece,Atatürk Mahallesi,2180000,110,85,2+1,5-10,2. Kat,Krediye Uygun
54,İstanbul,Bahçelievler,Bahçelievler Mahallesi,3900000,215,190,5+1,21 Ve Üzeri,4. Kat,Krediye Uygun
55,İstanbul,Beylikdüzü,Sahil Mahallesi,4290000,450,360,7+2,2,Villa Tipi,Krediye Uygun
56,İstanbul,Beylikdüzü,Adnan Kahveci Mahallesi,1690000,115,95,2+1,0 (Yeni),2. Kat,Krediye Uygun
57,İstanbul,Beylikdüzü,Adnan Kahveci Mahallesi,1689999,125,115,2+1,0 (Yeni),2. Kat,Krediye Uygun
58,İstanbul,Beylikdüzü,Adnan Kahveci Mahallesi,1689999,125,115,2+1,0 (Yeni),2. Kat,Krediye Uygun
59,İstanbul,Kadıköy,Acıbadem Mahallesi,2495000,100,90,2+1,21 Ve Üzeri,3. Kat,Krediye Uygun
60,İstanbul,Beylikdüzü,Adnan Kahveci Mahallesi,1649000,140,130,3+1,4,2. Kat,Krediye Uygun
61,İstanbul,Beylikdüzü,Cumhuriyet Mahallesi,2439000,175,150,3+1,0 (Yeni),20. Kat,Krediye Uygun
62,İstanbul,Beylikdüzü,Yakuplu Mahallesi,1399999,145,135,3+1,0 (Yeni),3. Kat,Krediye Uygun
63,İstanbul,Beylikdüzü,Adnan Kahveci Mahallesi,2799999,240,210,4+2,0 (Yeni),3. Kat,Krediye Uygun
64,İstanbul,Küçükçekmece,İstasyon Mahallesi,1315000,60,55,1+1,5-10,5. Kat,Krediye Uygun
65,İstanbul,Esenyurt,Namık Kemal Mahallesi,1095000,140,120,3+1,4,2. Kat,Krediye Uygun
66,İstanbul,Esenyurt,Güzelyurt Mahallesi,935000,105,95,2+1,5-10,3. Kat,Krediye Uygun
67,İstanbul,Beylikdüzü,Gürpınar Mahallesi,2100000,245,220,5+2,11-15,Çatı Dubleks,Krediye Uygun
68,İstanbul,Beylikdüzü,Yakuplu Mahallesi,1400000,200,185,4+2,5-10,Çatı Dubleks,Krediye Uygun
69,İstanbul,Esenyurt,Pınar Mahallesi,469000,100,90,2+1,5-10,Bahçe Katı,Krediye Uygun
70,İstanbul,Arnavutköy,Karaburun Mahallesi,3500000,420,300,2+1,5-10,Villa Tipi,Bilinmiyor
71,İstanbul,Esenyurt,Saadetdere Mahallesi,910000,100,85,2+1,0 (Yeni),2. Kat,Krediye Uygun
72,İstanbul,Kağıthane,Yeşilce Mahallesi,890000,75,65,1+1,5-10,Yüksek Giriş,Krediye Uygun
73,İstanbul,Başakşehir,Kayabaşı Mahallesi,1120000,69,58,2+1,11-15,3. Kat,Krediye Uygun
74,İstanbul,Beylikdüzü,Yakuplu Mahallesi,935000,90,75,2+1,11-15,4. Kat,Krediye Uygun
75,İstanbul,Beylikdüzü,Cumhuriyet Mahallesi,1650000,165,127,3+1,1,4. Kat,Krediye Uygun
76,İstanbul,Esenyurt,Örnek Mahallesi,590000,100,90,2+1,0 (Yeni),3. Kat,Krediye Uygun
77,İstanbul,Sultanbeyli,Battalgazi Mahallesi,1260000,140,130,4+1,3,Çatı Dubleks,Krediye Uygun
78,İstanbul,Esenyurt,Akçaburgaz Mahallesi,568000,95,80,2+1,5-10,Yüksek Giriş,Krediye Uygun
79,İstanbul,Esenyurt,Hürriyet Mahallesi,589000,115,105,2+1,4,Bahçe Katı,Krediye Uygun
80,İstanbul,Bahçelievler,Zafer Mahallesi,780000,100,94,2+1,0 (Yeni),Tam Bodrum,Krediye Uygun
81,İstanbul,Büyükçekmece,Atatürk Mahallesi,1350000,110,85,2+1,5-10,Bahçe Katı,Krediye Uygun
82,İstanbul,Beylikdüzü,Marmara Mahallesi,2670000,165,150,3+1,16-20,3. Kat,Krediye Uygun
83,İstanbul,Esenyurt,Necip Fazıl Kısakürek Mahallesi,590000,110,100,2+1,5-10,Yüksek Giriş,Krediye Uygun
84,İstanbul,Bahçelievler,Zafer Mahallesi,7250000,216,215,1 Oda,21 Ve Üzeri,5,Bilinmiyor
85,İstanbul,Kadıköy,Suadiye Mahallesi,5450000,160,130,3+1,21 Ve Üzeri,4. Kat,Krediye Uygun
86,İstanbul,Beylikdüzü,Cumhuriyet Mahallesi,599999,120,110,2+1,0 (Yeni),1. Kat,Krediye Uygun
87,İstanbul,Beylikdüzü,Cumhuriyet Mahallesi,379999,120,110,2+1,0 (Yeni),Bahçe Katı,Krediye Uygun
88,İstanbul,Beylikdüzü,Cumhuriyet Mahallesi,399999,120,110,2+1,0 (Yeni),Bahçe Katı,Krediye Uygun
89,İstanbul,Beylikdüzü,Cumhuriyet Mahallesi,459999,130,120,2+1,0 (Yeni),Bahçe Katı,Krediye Uygun
90,İstanbul,Başakşehir,Bahçeşehir 2. Kısım Mahallesi,2850000,180,145,3+1,11-15,9. Kat,Krediye Uygun
91,İstanbul,Beylikdüzü,Sahil Mahallesi,3790000,260,240,5+2,16-20,Müstakil,Krediye Uygun
92,İstanbul,Beylikdüzü,Beylikdüzü OSB Mahallesi,689000,100,90,2+1,5-10,3. Kat,Krediye Uygun
93,İstanbul,Sultanbeyli,Battalgazi Mahallesi,1900000,130,120,3+1,0 (Yeni),4. Kat,Krediye Uygun
94,İstanbul,Sarıyer,Maslak Mahallesi,5300000,135,98,3+1,5-10,17. Kat,Krediye Uygun
95,İstanbul,Esenyurt,Barbaros Hayrettin Paşa Mahallesi,1050000,110,100,2+1,0 (Yeni),12. Kat,Krediye Uygun
96,İstanbul,Beylikdüzü,Marmara Mahallesi,1599000,115,100,3+1,0 (Yeni),2. Kat,Krediye Uygun
97,İstanbul,Beylikdüzü,Yakuplu Mahallesi,1230000,130,120,2+1,5-10,Düz Giriş,Krediye Uygun
98,İstanbul,Beylikdüzü,Gürpınar Mahallesi,1100000,110,100,2+1,5-10,Kot 1 (-1). Kat,Krediye Uygun
99,İstanbul,Beylikdüzü,Kavaklı Mahallesi,1250000,90,80,2+1,0 (Yeni),Düz Giriş,Krediye Uygun
100,İstanbul,Beylikdüzü,Adnan Kahveci Mahallesi,1329999,145,125,2+1,0 (Yeni),3. Kat,Krediye Uygun
101,İstanbul,Beylikdüzü,Adnan Kahveci Mahallesi,1987000,175,145,3+1,5-10,2. Kat,Krediye Uygun
102,İstanbul,Beylikdüzü,Adnan Kahveci Mahallesi,1935000,220,200,3+2,4,Çatı Dubleks,Krediye Uygun
103,İstanbul,Başakşehir,Başak Mahallesi,2350000,125,115,3+1,11-15,2. Kat,Krediye Uygun
104,İstanbul,Sarıyer,Maslak Mahallesi,7100000,170,130,3+1,5-10,3. Kat,Krediye Uygun
105,İstanbul,Beylikdüzü,Yakuplu Mahallesi,949000,115,90,2+1,4,3. Kat,Krediye Uygun
106,İstanbul,Beylikdüzü,Barış Mahallesi,2350000,120,95,2+1,3,9. Kat,Krediye Uygun
107,İstanbul,Sarıyer,Maslak Mahallesi,4500000,87,52,1+1,5-10,10. Kat,Krediye Uygun
108,İstanbul,Sarıyer,Maslak Mahallesi,5000000,117,90,2+1,5-10,16. Kat,Krediye Uygun
109,İstanbul,Beylikdüzü,Adnan Kahveci Mahallesi,2400000,200,180,3+1,11-15,10. Kat,Krediye Uygun
110,İstanbul,Beylikdüzü,Kavaklı Mahallesi,1239000,105,90,2+1,0 (Yeni),2. Kat,Krediye Uygun
111,İstanbul,Sarıyer,Maslak Mahallesi,4100000,85,75,1+1,5-10,10. Kat,Krediye Uygun
112,İstanbul,Beylikdüzü,Kavaklı Mahallesi,1350000,120,110,2+1,5-10,3. Kat,Krediye Uygun
113,İstanbul,Arnavutköy,Karaburun Mahallesi,3250000,480,420,6+2,5-10,Müstakil,Krediye Uygun Değil
114,İstanbul,Beylikdüzü,Cumhuriyet Mahallesi,869900,120,110,2+1,0 (Yeni),3. Kat,Krediye Uygun
115,İstanbul,Esenyurt,Çınar Mahallesi,765000,100,85,2+1,5-10,2. Kat,Krediye Uygun
116,İstanbul,Sarıyer,Ayazağa Mahallesi,4900000,70,50,1+1,5-10,5. Kat,Krediye Uygun
117,İstanbul,Esenyurt,Orhan Gazi Mahallesi,475000,130,110,2+1,5-10,Bahçe Katı,Krediye Uygun
118,İstanbul,Fatih,Silivrikapı Mahallesi,650000,80,75,2+1,11-15,Bahçe Katı,Krediye Uygun
119,İstanbul,Beylikdüzü,Kavaklı Mahallesi,1100000,100,95,2+1,0 (Yeni),Düz Giriş,Krediye Uygun
120,İstanbul,Büyükçekmece,Atatürk Mahallesi,2550000,250,200,4+2,16-20,4. Kat,Krediye Uygun
121,İstanbul,Beylikdüzü,Yakuplu Mahallesi,1050000,85,70,1+1,0 (Yeni),Düz Giriş,Krediye Uygun
122,İstanbul,Beylikdüzü,Cumhuriyet Mahallesi,800000,100,95,2+1,4,4. Kat,Krediye Uygun
123,İstanbul,Kartal,Yakacık Çarşı Mahallesi,1300000,70,58,1+1,5-10,6. Kat,Krediye Uygun
124,İstanbul,Üsküdar,Ahmediye Mahallesi,1039999,90,80,2+1,21 Ve Üzeri,Yüksek Giriş,Krediye Uygun
125,İstanbul,Beylikdüzü,Cumhuriyet Mahallesi,899000,118,104,2+1,4,2. Kat,Krediye Uygun
126,İstanbul,Beylikdüzü,Cumhuriyet Mahallesi,1549000,120,100,2+1,1,17. Kat,Krediye Uygun
127,İstanbul,Beylikdüzü,Cumhuriyet Mahallesi,759000,95,75,1+1,0 (Yeni),3. Kat,Krediye Uygun
128,İstanbul,Esenyurt,Necip Fazıl Kısakürek Mahallesi,830000,110,100,2+1,5-10,2. Kat,Krediye Uygun
129,İstanbul,Esenyurt,Yunus Emre Mahallesi,630000,110,100,2+1,5-10,1. Kat,Krediye Uygun
130,İstanbul,Başakşehir,Güvercintepe Mahallesi,1275000,185,180,3+2,4,Çatı Dubleks,Krediye Uygun
131,İstanbul,Beylikdüzü,Cumhuriyet Mahallesi,750000,100,85,2+1,0 (Yeni),Yüksek Giriş,Krediye Uygun
132,İstanbul,Beylikdüzü,Kavaklı Mahallesi,1670000,100,87,2+1,0 (Yeni),1. Kat,Krediye Uygun
133,İstanbul,Esenyurt,Zafer Mahallesi,2545000,285,170,4+1,0 (Yeni),13. Kat,Krediye Uygun Değil
134,İstanbul,Çekmeköy,Soğukpınar Mahallesi,885000,75,70,1+1,0 (Yeni),Bahçe Katı,Krediye Uygun
135,İstanbul,Beylikdüzü,Adnan Kahveci Mahallesi,2300000,170,140,3+1,5-10,2. Kat,Krediye Uygun
136,İstanbul,Sarıyer,Fatih Sultan Mehmet Mahallesi,650000,105,100,2+1,21 Ve Üzeri,Müstakil,Krediye Uygun Değil
137,İstanbul,Esenyurt,Pınar Mahallesi,620000,110,100,2+1,0 (Yeni),1. Kat,Krediye Uygun
138,İstanbul,Başakşehir,Bahçeşehir 2. Kısım Mahallesi,568000,100,90,2+1,0 (Yeni),1. Kat,Krediye Uygun
139,İstanbul,Beylikdüzü,Cumhuriyet Mahallesi,439000,110,100,2+1,4,2. Kat,Krediye Uygun
140,İstanbul,Beyoğlu,Sütlüce Mahallesi,1300000,120,110,3+1,5-10,2. Kat,Krediye Uygun
141,İstanbul,Beylikdüzü,Adnan Kahveci Mahallesi,3500000,240,190,4+1,5-10,5. Kat,Krediye Uygun
142,İstanbul,Esenyurt,İstiklal Mahallesi,1200000,250,230,4+2,4,2. Kat,Krediye Uygun
143,İstanbul,Esenyurt,Mehterçeşme Mahallesi,890000,130,120,2+1,5-10,1. Kat,Krediye Uygun
144,İstanbul,Esenyurt,İstiklal Mahallesi,689000,105,100,2+1,5-10,2. Kat,Krediye Uygun
145,İstanbul,Beylikdüzü,Kavaklı Mahallesi,1449000,105,92,2+1,2,2. Kat,Krediye Uygun
146,İstanbul,Esenyurt,Osmangazi Mahallesi,750000,110,100,2+1,2,2. Kat,Krediye Uygun
147,İstanbul,Esenyurt,Atatürk Mahallesi,959000,120,115,2+1,3,2. Kat,Krediye Uygun
148,İstanbul,Başakşehir,Bahçeşehir 2. Kısım Mahallesi,3750000,190,130,3.5+1,1,13. Kat,Krediye Uygun
149,İstanbul,Esenyurt,Hürriyet Mahallesi,589000,100,95,2+1,5-10,Bahçe Katı,Krediye Uygun
150,İstanbul,Sancaktepe,Yunus Emre Mahallesi,600000,150,122,2+1,11-15,1,Yatırıma Uygun
151,İstanbul,Beylikdüzü,Yakuplu Mahallesi,1250000,120,100,2+1,0 (Yeni),3. Kat,Krediye Uygun
152,İstanbul,Kartal,Esentepe Mahallesi,1135000,86,74,2+1,2,Yüksek Giriş,Krediye Uygun
153,İstanbul,Beylikdüzü,Adnan Kahveci Mahallesi,2050000,135,120,2+1,0 (Yeni),3. Kat,Krediye Uygun
154,İstanbul,Üsküdar,Zeynep Kamil Mahallesi,720000,70,60,1+1,21 Ve Üzeri,Düz Giriş,Krediye Uygun
155,İstanbul,Bahçelievler,Zafer Mahallesi,765000,95,85,2+1,4,Bahçe Katı,Krediye Uygun
156,İstanbul,Esenyurt,Pınar Mahallesi,469000,100,95,2+1,5-10,Bahçe Katı,Krediye Uygun
157,İstanbul,Gaziosmanpaşa,Karayolları Mahallesi,495000,130,120,2+1,21 Ve Üzeri,Kot 1 (-1). Kat,Krediye Uygun Değil
158,İstanbul,Gaziosmanpaşa,Karayolları Mahallesi,515000,100,90,2+1,16-20,Yüksek Giriş,Krediye Uygun Değil
159,İstanbul,Beylikdüzü,Kavaklı Mahallesi,2990000,150,135,3+1,2,3. Kat,Krediye Uygun
160,İstanbul,Bahçelievler,Bahçelievler Mahallesi,3600000,98,87,2+1,0 (Yeni),1. Kat,Krediye Uygun
161,İstanbul,Beylikdüzü,Beylikdüzü OSB Mahallesi,599000,100,90,2+1,5-10,1. Kat,Krediye Uygun
162,İstanbul,Bahçelievler,Bahçelievler Mahallesi,3275000,145,130,3+1,0 (Yeni),1. Kat,Krediye Uygun
163,İstanbul,Esenyurt,Hürriyet Mahallesi,480000,115,110,2+1,4,Bahçe Katı,Krediye Uygun
164,İstanbul,Esenyurt,Selahaddin Eyyubi Mahallesi,1300000,125,100,2+1,0 (Yeni),11. Kat,Krediye Uygun
165,İstanbul,Esenyurt,Mehmet Akif Ersoy Mahallesi,935000,145,140,3+1,4,2. Kat,Krediye Uygun
166,İstanbul,Sultangazi,Yunus Emre Mahallesi,695000,100,90,2+1,11-15,Bahçe Katı,Krediye Uygun
167,İstanbul,Fatih,Hırka-i Şerif Mahallesi,2800000,210,200,4+2,21 Ve Üzeri,4. Kat,Krediye Uygun
168,İstanbul,Avcılar,Cihangir Mahallesi,939000,95,85,2+1,16-20,3. Kat,Krediye Uygun
169,İstanbul,Beylikdüzü,Cumhuriyet Mahallesi,439000,110,100,2+1,4,2. Kat,Krediye Uygun
170,İstanbul,Esenyurt,Üçevler Mahallesi,439000,110,100,2+1,4,2. Kat,Krediye Uygun
171,İstanbul,Esenyurt,Atatürk Mahallesi,785000,120,110,3+1,4,Yüksek Giriş,Krediye Uygun
172,İstanbul,Beylikdüzü,Marmara Mahallesi,1289000,105,100,2+1,0 (Yeni),3. Kat,Krediye Uygun
173,İstanbul,Avcılar,Cihangir Mahallesi,975000,90,85,2+1,5-10,3. Kat,Krediye Uygun
174,İstanbul,Kağıthane,Merkez Mahallesi,8500000,260,220,5+1,4,8. Kat,Krediye Uygun
175,İstanbul,Esenyurt,Güzelyurt Mahallesi,419000,105,95,2+1,4,1. Kat,Krediye Uygun
176,İstanbul,Avcılar,Merkez Mahallesi,1250000,97,87,2+1,0 (Yeni),Yüksek Giriş,Krediye Uygun
177,İstanbul,Sancaktepe,Merve Mahallesi,1800000,220,210,6+1,0 (Yeni),Çatı Dubleks,Krediye Uygun
178,İstanbul,Esenyurt,Necip Fazıl Kısakürek Mahallesi,589000,110,95,2+1,1,Düz Giriş,Krediye Uygun
179,İstanbul,Silivri,Çanta Sancaktepe Mahallesi,690000,90,80,2+1,5-10,3. Kat,Krediye Uygun
180,İstanbul,Başakşehir,Bahçeşehir 2. Kısım Mahallesi,5850000,181,161,3+1,5-10,2. Kat,Krediye Uygun
181,İstanbul,Fatih,Balat Mahallesi,3500000,80,75,1.5+1,21 Ve Üzeri,4,Hayır
182,İstanbul,Silivri,Piri Mehmet Paşa Mahallesi,1200000,1555,145,3+1,21 Ve Üzeri,2. Kat,Krediye Uygun
183,İstanbul,Sancaktepe,Abdurrahmangazi Mahallesi,775000,100,85,2+1,3,Yüksek Giriş,Krediye Uygun
184,İstanbul,Sultangazi,Gazi Mahallesi,1100000,97,95,2+1,3,1. Kat,Krediye Uygun
185,İstanbul,Beylikdüzü,Kavaklı Mahallesi,1899000,120,110,2+1,4,5. Kat,Krediye Uygun
186,İstanbul,Başakşehir,Bahçeşehir 1. Kısım Mahallesi,3250000,136,120,2.5+1,4,3. Kat,Krediye Uygun
187,İstanbul,Sultangazi,İsmetpaşa Mahallesi,550000,95,90,2+1,5-10,Bahçe Katı,Krediye Uygun
188,İstanbul,Bahçelievler,Kocasinan Merkez Mahallesi,1320000,100,98,2+1,5-10,4. Kat,Krediye Uygun
189,İstanbul,Esenler,Havaalanı Mahallesi,1450000,84,70,2+1,11-15,3. Kat,Krediye Uygun
190,İstanbul,Gaziosmanpaşa,Bağlarbaşı Mahallesi,2550000,260,250,4+2,3,3. Kat,Krediye Uygun
191,İstanbul,Gaziosmanpaşa,Bağlarbaşı Mahallesi,2250000,230,220,4+2,5-10,4. Kat,Krediye Uygun
192,İstanbul,Bahçelievler,Soğanlı Mahallesi,930000,130,125,3+1,5-10,Yüksek Giriş,Krediye Uygun
193,İstanbul,Beylikdüzü,Kavaklı Mahallesi,2895000,240,220,4+2,3,Çatı Dubleks,Krediye Uygun
194,İstanbul,Büyükçekmece,Atatürk Mahallesi,6990000,290,200,3+1,0 (Yeni),Villa Tipi,Krediye Uygun
195,İstanbul,Beylikdüzü,Kavaklı Mahallesi,1790000,145,130,3+1,0 (Yeni),1. Kat,Krediye Uygun
196,İstanbul,Beylikdüzü,Marmara Mahallesi,1749000,105,90,2+1,0 (Yeni),2. Kat,Krediye Uygun
197,İstanbul,Beylikdüzü,Cumhuriyet Mahallesi,479000,100,90,2+1,5-10,Bahçe Katı,Krediye Uygun
198,İstanbul,Beylikdüzü,Gürpınar Mahallesi,9250000,580,500,5+1,0 (Yeni),Villa Tipi,Krediye Uygun
199,İstanbul,Beylikdüzü,Kavaklı Mahallesi,1889000,140,130,3+1,0 (Yeni),1. Kat,Krediye Uygun
200,İstanbul,Beylikdüzü,Adnan Kahveci Mahallesi,1690000,120,105,2+1,4,1. Kat,Krediye Uygun
201,İstanbul,Beylikdüzü,Kavaklı Mahallesi,1790000,145,130,3+1,0 (Yeni),1. Kat,Krediye Uygun
202,İstanbul,Beylikdüzü,Marmara Mahallesi,1749000,105,90,2+1,0 (Yeni),2. Kat,Krediye Uygun
203,İstanbul,Beylikdüzü,Cumhuriyet Mahallesi,479000,100,90,2+1,5-10,Bahçe Katı,Krediye Uygun
204,İstanbul,Beylikdüzü,Gürpınar Mahallesi,9250000,580,500,5+1,0 (Yeni),Villa Tipi,Krediye Uygun
205,İstanbul,Beylikdüzü,Kavaklı Mahallesi,1889000,140,130,3+1,0 (Yeni),1. Kat,Krediye Uygun
206,İstanbul,Beylikdüzü,Adnan Kahveci Mahallesi,1690000,120,105,2+1,4,1. Kat,Krediye Uygun
207,İstanbul,Beylikdüzü,Kavaklı Mahallesi,1969000,155,140,3+1,0 (Yeni),2. Kat,Krediye Uygun
208,İstanbul,Beylikdüzü,Yakuplu Mahallesi,2049000,220,190,4+2,0 (Yeni),3. Kat,Krediye Uygun
209,İstanbul,Beylikdüzü,Marmara Mahallesi,1669000,110,100,2+1,0 (Yeni),2. Kat,Krediye Uygun
210,İstanbul,Beylikdüzü,Kavaklı Mahallesi,1325000,105,85,2+1,0 (Yeni),2. Kat,Krediye Uygun
211,İstanbul,Beylikdüzü,Marmara Mahallesi,1800000,130,110,2+1,1,2. Kat,Krediye Uygun
212,İstanbul,Beylikdüzü,Adnan Kahveci Mahallesi,1399000,135,115,2+1,2,3. Kat,Krediye Uygun
213,İstanbul,Esenyurt,Atatürk Mahallesi,495000,110,100,2+1,4,Bahçe Katı,Krediye Uygun
214,İstanbul,Beylikdüzü,Beylikdüzü OSB Mahallesi,1200000,100,90,2+1,0 (Yeni),5. Kat,Krediye Uygun
215,İstanbul,Beylikdüzü,Cumhuriyet Mahallesi,990000,140,130,3+1,0 (Yeni),2. Kat,Krediye Uygun
216,İstanbul,Başakşehir,Bahçeşehir 2. Kısım Mahallesi,1900000,95,80,2+1,0 (Yeni),2. Kat,Krediye Uygun Değil
217,İstanbul,Başakşehir,Bahçeşehir 2. Kısım Mahallesi,939000,110,100,3+1,0 (Yeni),Yüksek Giriş,Krediye Uygun
218,İstanbul,Esenyurt,Hürriyet Mahallesi,695000,110,100,2+1,4,Yüksek Giriş,Krediye Uygun
219,İstanbul,Başakşehir,Bahçeşehir 2. Kısım Mahallesi,1100000,145,120,3+1,0 (Yeni),2. Kat,Krediye Uygun
220,İstanbul,Beylikdüzü,Beylikdüzü OSB Mahallesi,699000,100,90,2+1,3,1. Kat,Krediye Uygun
221,İstanbul,Beylikdüzü,Cumhuriyet Mahallesi,1250000,115,100,2+1,4,1. Kat,Krediye Uygun
222,İstanbul,Beylikdüzü,Cumhuriyet Mahallesi,705000,110,100,2+1,0 (Yeni),4. Kat,Krediye Uygun
223,İstanbul,Beylikdüzü,Marmara Mahallesi,1259000,105,90,2+1,0 (Yeni),2. Kat,Krediye Uygun
224,İstanbul,Pendik,Kurtköy Mahallesi,1825000,103,92,2+1,2,Bahçe Katı,Krediye Uygun
225,İstanbul,Güngören,Akıncılar Mahallesi,670000,90,85,2+1,21 Ve Üzeri,5. Kat,Krediye Uygun Değil
226,İstanbul,Beylikdüzü,Kavaklı Mahallesi,1456999,135,125,2+1,0 (Yeni),1. Kat,Krediye Uygun
227,İstanbul,Maltepe,Cevizli Mahallesi,2550000,125,110,3+1,3,1. Kat,Krediye Uygun
228,İstanbul,Başakşehir,Bahçeşehir 2. Kısım Mahallesi,899000,100,90,2+1,3,2. Kat,Krediye Uygun
229,İstanbul,Esenyurt,Yeşilkent Mahallesi,490000,110,100,1+1,5-10,Yüksek Giriş,Krediye Uygun
230,İstanbul,Beylikdüzü,Marmara Mahallesi,4510000,160,145,3+1,2,2. Kat,Krediye Uygun
231,İstanbul,Beylikdüzü,Yakuplu Mahallesi,1450000,105,95,2+1,0 (Yeni),2. Kat,Krediye Uygun
232,İstanbul,Üsküdar,Valide-i Atik Mahallesi,6500000,210,190,4+2,0 (Yeni),Çatı Dubleks,Krediye Uygun
233,İstanbul,Sultangazi,Sultançiftliği Mahallesi,650000,125,120,2+1,21 Ve Üzeri,3. Kat,Krediye Uygun Değil
234,İstanbul,Kadıköy,Eğitim Mahallesi,2900000,100,72,2+1,0 (Yeni),6. Kat,Bilinmiyor
235,İstanbul,Bahçelievler,Zafer Mahallesi,1200000,180,170,4+2,11-15,Çatı Dubleks,Krediye Uygun
236,İstanbul,Büyükçekmece,Fatih Mahallesi,1250000,110,100,2+1,16-20,3. Kat,Bilinmiyor
237,İstanbul,Esenyurt,Üçevler Mahallesi,439000,110,100,2+1,4,2. Kat,Krediye Uygun
238,İstanbul,Beylikdüzü,Yakuplu Mahallesi,899000,100,90,2+1,3,2. Kat,Krediye Uygun
239,İstanbul,Esenyurt,Cumhuriyet Mahallesi,709000,100,90,2+1,5-10,1. Kat,Krediye Uygun
240,İstanbul,Bahçelievler,Zafer Mahallesi,765000,85,80,2+1,4,Bahçe Katı,Krediye Uygun
241,İstanbul,Silivri,Çanta Sancaktepe Mahallesi,695000,135,125,3+1,5-10,5. Kat,Krediye Uygun
242,İstanbul,Esenyurt,Cumhuriyet Mahallesi,1350000,95,85,1+1,4,11. Kat,Krediye Uygun
243,İstanbul,Bahçelievler,Bahçelievler Mahallesi,2350000,95,85,2+1,21 Ve Üzeri,3. Kat,Krediye Uygun Değil
244,İstanbul,Beylikdüzü,Cumhuriyet Mahallesi,439000,110,100,2+1,4,2. Kat,Krediye Uygun
245,İstanbul,Üsküdar,Valide-i Atik Mahallesi,6250000,200,195,4+2,0 (Yeni),4. Kat,Krediye Uygun
246,İstanbul,Sancaktepe,Osmangazi Mahallesi,1815000,125,86,2+1,4,Düz Giriş,Krediye Uygun
247,İstanbul,Avcılar,Cihangir Mahallesi,820000,105,95,2+1,5-10,1. Kat,Krediye Uygun
248,İstanbul,Arnavutköy,Hastane Mahallesi,630000,105,85,2+1,11-15,Yüksek Giriş,Krediye Uygun
249,İstanbul,Eyüpsultan,Karadolap Mahallesi,1600000,80,75,2+1,0 (Yeni),3. Kat,Krediye Uygun
250,İstanbul,Eyüpsultan,Karadolap Mahallesi,1500000,80,75,2+1,0 (Yeni),3. Kat,Krediye Uygun
251,İstanbul,Beylikdüzü,Cumhuriyet Mahallesi,690000,110,100,2+1,0 (Yeni),2. Kat,Krediye Uygun
252,İstanbul,Esenyurt,Battalgazi Mahallesi,535000,100,95,2+1,5-10,Bahçe Katı,Krediye Uygun
253,İstanbul,Beylikdüzü,Kavaklı Mahallesi,1890000,155,135,3+1,0 (Yeni),Bahçe Katı,Krediye Uygun
254,İstanbul,Bahçelievler,Zafer Mahallesi,1170000,200,180,5+1,11-15,Çatı Dubleks,Krediye Uygun
255,İstanbul,Kadıköy,Bostancı Mahallesi,3845000,140,125,3+1,21 Ve Üzeri,7. Kat,Krediye Uygun
256,İstanbul,Bahçelievler,Zafer Mahallesi,900000,75,60,2+1,11-15,3. Kat,Krediye Uygun
257,İstanbul,Bahçelievler,Zafer Mahallesi,875000,100,85,2+1,21 Ve Üzeri,3. Kat,Krediye Uygun
258,İstanbul,Maltepe,İdealtepe Mahallesi,1750000,110,90,2+1,21 Ve Üzeri,1. Kat,Krediye Uygun
259,İstanbul,Bahçelievler,Yenibosna Merkez Mahallesi,1570000,160,155,4+1,4,4. Kat,Krediye Uygun
260,İstanbul,Esenyurt,Pınar Mahallesi,469000,100,95,2+1,5-10,Bahçe Katı,Krediye Uygun
261,İstanbul,Beylikdüzü,Barış Mahallesi,180000,160,140,3+1,11-15,6. Kat,Krediye Uygun
262,İstanbul,Silivri,Selimpaşa Mahallesi,900000,95,90,2+1,21 Ve Üzeri,2. Kat,Krediye Uygun
263,İstanbul,Bahçelievler,Şirinevler Mahallesi,760000,70,65,2+1,5-10,2. Kat,Krediye Uygun
264,İstanbul,Çekmeköy,Taşdelen Mahallesi,1220000,95,85,2+1,2,2. Kat,Krediye Uygun
265,İstanbul,Bahçelievler,Yenibosna Merkez Mahallesi,1170000,170,160,5+1,11-15,4. Kat,Krediye Uygun
266,İstanbul,Bahçelievler,Yenibosna Merkez Mahallesi,1575000,130,120,3+1,4,2. Kat,Krediye Uygun
267,İstanbul,Çekmeköy,Sultançiftliği Mahallesi,1600000,95,85,2+1,0 (Yeni),4. Kat,Krediye Uygun
268,İstanbul,Pendik,Velibaba Mahallesi,875000,85,75,2+1,5-10,2. Kat,Krediye Uygun
269,İstanbul,Sultangazi,Esentepe Mahallesi,595000,100,90,2+1,11-15,Düz Giriş,Krediye Uygun
270,İstanbul,Pendik,Esenler Mahallesi,750000,100,85,2+1,5-10,Yüksek Giriş,Krediye Uygun
271,İstanbul,Bakırköy,Kartaltepe Mahallesi,10950000,365,350,5+2,16-20,Düz Giriş,Krediye Uygun
272,İstanbul,Bahçelievler,Şirinevler Mahallesi,875000,100,90,2+1,21 Ve Üzeri,3. Kat,Krediye Uygun Değil
273,İstanbul,Zeytinburnu,Telsiz Mahallesi,770000,90,80,2+1,16-20,1. Kat,Krediye Uygun
274,İstanbul,Maltepe,Girne Mahallesi,1250000,75,65,2+1,0 (Yeni),1. Kat,Krediye Uygun
275,İstanbul,Esenyurt,Turgut Özal Mahallesi,1199000,100,85,2+1,4,4. Kat,Krediye Uygun
276,İstanbul,Üsküdar,Valide-i Atik Mahallesi,1665000,95,90,2+1,21 Ve Üzeri,Yüksek Giriş,Krediye Uygun
277,İstanbul,Gaziosmanpaşa,Hürriyet Mahallesi,860000,90,75,2+1,16-20,1. Kat,Krediye Uygun
278,İstanbul,Üsküdar,Bahçelievler Mahallesi,2100000,125,110,3+1,21 Ve Üzeri,4. Kat,Krediye Uygun
279,İstanbul,Çekmeköy,Merkez Mahallesi,2350000,170,160,4+1,4,5. Kat,Krediye Uygun
280,İstanbul,Pendik,Fevzi Çakmak Mahallesi,765000,90,70,2+1,11-15,2. Kat,Krediye Uygun
281,İstanbul,Sultangazi,Esentepe Mahallesi,850000,100,80,2+1,3,Yüksek Giriş,Krediye Uygun
282,İstanbul,Maltepe,Fındıklı Mahallesi,975000,120,100,2+1,3,Çatı Dubleks,Krediye Uygun
283,İstanbul,Kartal,Atalar Mahallesi,1100000,100,85,2+1,21 Ve Üzeri,Düz Giriş,Krediye Uygun
284,İstanbul,Kartal,Cevizli Mahallesi,1395000,96,72,2+1,3,4. Kat,Krediye Uygun
285,İstanbul,Maltepe,Fındıklı Mahallesi,975000,95,85,2+1,5-10,Yüksek Giriş,Krediye Uygun
286,İstanbul,Güngören,Akıncılar Mahallesi,600000,110,100,2+1,21 Ve Üzeri,Yüksek Giriş,Krediye Uygun Değil
287,İstanbul,Sancaktepe,Yenidoğan Mahallesi,910000,150,140,3+1,5-10,Yüksek Giriş,Krediye Uygun
288,İstanbul,Kartal,Cevizli Mahallesi,965000,55,45,1+1,3,4. Kat,Krediye Uygun
289,İstanbul,Çekmeköy,Taşdelen Mahallesi,1250000,100,75,1+1,0 (Yeni),Bahçe Katı,Krediye Uygun
290,İstanbul,Bahçelievler,Zafer Mahallesi,650000,70,65,1+1,4,Bahçe Katı,Krediye Uygun
291,İstanbul,Esenyurt,Ardıçlı Mahallesi,1150000,66,55,1+1,0 (Yeni),1. Kat,Krediye Uygun
292,İstanbul,Başakşehir,Güvercintepe Mahallesi,550000,65,55,1+1,2,Bahçe Katı,Krediye Uygun
293,İstanbul,Büyükçekmece,Cumhuriyet Mahallesi,1250000,190,110,2+1,0 (Yeni),Düz Giriş,Krediye Uygun
294,İstanbul,Maltepe,İdealtepe Mahallesi,4500000,140,116,3+1,5-10,1. Kat,Krediye Uygun
295,İstanbul,Pendik,Batı Mahallesi,950000,110,90,3+1,21 Ve Üzeri,1. Kat,Krediye Uygun
296,İstanbul,Büyükçekmece,Türkoba Mahallesi,15000000,500,420,6+2,5-10,Villa Tipi,Krediye Uygun
297,İstanbul,Büyükçekmece,Türkoba Mahallesi,13000000,600,380,5+1,5-10,Villa Tipi,Krediye Uygun
298,İstanbul,Büyükçekmece,Türkoba Mahallesi,9250000,2500,600,5+1,5-10,Villa Tipi,Krediye Uygun
299,İstanbul,Büyükçekmece,Türkoba Mahallesi,12500000,2500,400,4+2,0 (Yeni),Villa Tipi,Krediye Uygun
300,İstanbul,Beylikdüzü,Cumhuriyet Mahallesi,699000,90,70,1+1,4,6. Kat,Krediye Uygun
301,İstanbul,Esenyurt,Battalgazi Mahallesi,789000,110,100,2+1,3,1. Kat,Krediye Uygun
302,İstanbul,Büyükçekmece,Güzelce Mahallesi,15000000,1460,460,8+ Oda,5-10,Villa Tipi,Krediye Uygun
303,İstanbul,Başakşehir,Bahçeşehir 2. Kısım Mahallesi,8250000,500,380,6+2,0 (Yeni),Villa Tipi,Krediye Uygun
304,İstanbul,Üsküdar,Murat Reis Mahallesi,1675000,100,90,2+1,21 Ve Üzeri,Yüksek Giriş,Krediye Uygun
305,İstanbul,Başakşehir,Bahçeşehir 1. Kısım Mahallesi,1275000,140,130,3+1,0 (Yeni),1. Kat,Krediye Uygun
306,İstanbul,Beşiktaş,Abbasağa Mahallesi,14000000,300,270,6+4,5-10,5,Hayır
307,İstanbul,Bakırköy,Şenlikköy Mahallesi,11000000,220,210,4+1,0 (Yeni),1. Kat,Krediye Uygun
308,İstanbul,Bakırköy,Ataköy 7-8-9-10. Kısım Mahallesi,7000000,145,135,3+1,21 Ve Üzeri,1. Kat,Krediye Uygun
309,İstanbul,Bahçelievler,Yenibosna Merkez Mahallesi,1360000,100,90,2+1,21 Ve Üzeri,4. Kat,Krediye Uygun
310,İstanbul,Çekmeköy,Mimar Sinan Mahallesi,950000,95,80,2+1,5-10,Düz Giriş,Krediye Uygun
311,İstanbul,Küçükçekmece,Atakent Mahallesi,1550000,71,59,2+1,5-10,6. Kat,Krediye Uygun
312,İstanbul,Bahçelievler,Zafer Mahallesi,445000,60,50,1+1,16-20,Bahçe Katı,Krediye Uygun
313,İstanbul,Küçükçekmece,Atakent Mahallesi,1150000,58,44,1+1,5-10,18. Kat,Krediye Uygun
314,İstanbul,Büyükçekmece,Celaliye Mahallesi,6630000,256,183,5+2,0 (Yeni),4. Kat,Krediye Uygun
315,İstanbul,Büyükçekmece,Sinanoba Mahallesi,2500000,148,135,3+1,16-20,6. Kat,Krediye Uygun
316,İstanbul,Ataşehir,Yenişehir Mahallesi,3250000,125,110,3+1,11-15,4. Kat,Krediye Uygun
317,İstanbul,Bahçelievler,Şirinevler Mahallesi,780000,110,100,3+1,21 Ve Üzeri,Yüksek Giriş,Krediye Uygun
318,İstanbul,Bahçelievler,Zafer Mahallesi,445000,60,50,1+1,16-20,Bahçe Katı,Krediye Uygun
319,İstanbul,Küçükçekmece,Atakent Mahallesi,1150000,58,44,1+1,5-10,18. Kat,Krediye Uygun
320,İstanbul,Büyükçekmece,Celaliye Mahallesi,6630000,256,183,5+2,0 (Yeni),4. Kat,Krediye Uygun
321,İstanbul,Büyükçekmece,Sinanoba Mahallesi,2500000,148,135,3+1,16-20,6. Kat,Krediye Uygun
322,İstanbul,Ataşehir,Yenişehir Mahallesi,3250000,125,110,3+1,11-15,4. Kat,Krediye Uygun
323,İstanbul,Bahçelievler,Şirinevler Mahallesi,780000,110,100,3+1,21 Ve Üzeri,Yüksek Giriş,Krediye Uygun
324,İstanbul,Kağıthane,Seyrantepe Mahallesi,4500000,101,85,2+1,0 (Yeni),17. Kat,Krediye Uygun
325,İstanbul,Beylikdüzü,Yakuplu Mahallesi,1219000,125,115,2+1,0 (Yeni),2. Kat,Krediye Uygun
326,İstanbul,Şişli,Cumhuriyet Mahallesi,4750000,100,75,2+1,5-10,4. Kat,Krediye Uygun
327,İstanbul,Bahçelievler,Zafer Mahallesi,1550000,200,190,4+1,11-15,4. Kat,Krediye Uygun
328,İstanbul,Şişli,Feriköy Mahallesi,2500000,160,140,3+1,11-15,3. Kat,Krediye Uygun
329,İstanbul,Bahçelievler,Soğanlı Mahallesi,1250000,120,100,3+1,21 Ve Üzeri,4. Kat,Krediye Uygun
330,İstanbul,Beyoğlu,Halıcıoğlu Mahallesi,1850000,200,180,5+1,4,4. Kat,Krediye Uygun
331,İstanbul,Esenyurt,Güzelyurt Mahallesi,399000,85,80,1+1,0 (Yeni),2. Kat,Krediye Uygun
332,İstanbul,Maltepe,Altayçeşme Mahallesi,2020000,87,74,2+1,5-10,1. Kat,Krediye Uygun
333,İstanbul,Küçükçekmece,Atakent Mahallesi,5500000,147,140,3+1,5-10,14. Kat,Krediye Uygun
334,İstanbul,Esenyurt,Akevler Mahallesi,1050000,125,110,2+1,0 (Yeni),4. Kat,Krediye Uygun
335,İstanbul,Esenyurt,İstiklal Mahallesi,689000,120,100,2+1,4,2. Kat,Krediye Uygun
336,İstanbul,Bahçelievler,Siyavuşpaşa Mahallesi,1750000,115,105,3+1,0 (Yeni),Yüksek Giriş,Krediye Uygun
337,İstanbul,Beylikdüzü,Yakuplu Mahallesi,1649000,130,120,2+1,1,1. Kat,Krediye Uygun
338,İstanbul,Beylikdüzü,Yakuplu Mahallesi,1290000,130,120,2+1,1,1. Kat,Krediye Uygun
339,İstanbul,Küçükçekmece,İstasyon Mahallesi,1475000,95,90,2+1,5-10,5. Kat,Krediye Uygun
340,İstanbul,Küçükçekmece,Atakent Mahallesi,3650000,122,110,2+1,5-10,16. Kat,Krediye Uygun
341,İstanbul,Küçükçekmece,Atakent Mahallesi,6900000,186,180,4+1,5-10,4. Kat,Krediye Uygun
342,İstanbul,Maltepe,Feyzullah Mahallesi,1900000,100,84,2+1,21 Ve Üzeri,1. Kat,Krediye Uygun
343,İstanbul,Büyükçekmece,Güzelce Mahallesi,12000000,830,500,8+ Oda,1,Düz Giriş,Krediye Uygun
344,İstanbul,Kadıköy,Caddebostan Mahallesi,9150000,140,107,3+1,0 (Yeni),7. Kat,Krediye Uygun
345,İstanbul,Başakşehir,Güvercintepe Mahallesi,725000,78,75,2+1,3,Yüksek Giriş,Krediye Uygun
346,İstanbul,Gaziosmanpaşa,Merkez Mahallesi,1500000,100,90,2+1,0 (Yeni),2. Kat,Krediye Uygun
347,İstanbul,Kartal,Uğur Mumcu Mahallesi,950000,90,80,2+1,21 Ve Üzeri,3. Kat,Krediye Uygun
348,İstanbul,Bahçelievler,Siyavuşpaşa Mahallesi,1800000,130,115,3+1,0 (Yeni),4. Kat,Krediye Uygun
349,İstanbul,Başakşehir,Bahçeşehir 2. Kısım Mahallesi,3350000,155,130,2+1,5-10,4. Kat,Krediye Uygun
350,İstanbul,Esenyurt,Orhan Gazi Mahallesi,850000,110,90,2+1,4,1. Kat,Krediye Uygun
351,İstanbul,Esenyurt,Hürriyet Mahallesi,450000,140,110,2+1,0 (Yeni),Bahçe Katı,Krediye Uygun
352,İstanbul,Esenyurt,İncirtepe Mahallesi,749000,105,95,2+1,5-10,1. Kat,Krediye Uygun
353,İstanbul,Sarıyer,Zekeriyaköy Mahallesi,3950000,135,128,3+1,21 Ve Üzeri,Bahçe Katı,Krediye Uygun
354,İstanbul,Arnavutköy,Anadolu Mahallesi,1490000,220,200,4+2,4,Çatı Dubleks,Krediye Uygun
355,İstanbul,Gaziosmanpaşa,Merkez Mahallesi,1000000,85,80,2+1,0 (Yeni),Yüksek Giriş,Krediye Uygun
356,İstanbul,Tuzla,Yayla Mahallesi,2200000,135,125,3+1,4,1. Kat,Krediye Uygun
357,İstanbul,Büyükçekmece,Atatürk Mahallesi,2550000,180,160,3+2,5-10,Çatı Dubleks,Krediye Uygun
358,İstanbul,Silivri,Piri Mehmet Paşa Mahallesi,700000,95,85,2+1,21 Ve Üzeri,5. Kat,Krediye Uygun
359,İstanbul,Silivri,Yeni Mahallesi,590000,80,70,1+1,11-15,4. Kat,Krediye Uygun
360,İstanbul,Büyükçekmece,Atatürk Mahallesi,1650000,130,115,3+1,5-10,Bahçe Katı,Krediye Uygun
361,İstanbul,Bahçelievler,Zafer Mahallesi,760000,75,65,1+1,4,Yüksek Giriş,Krediye Uygun
362,İstanbul,Silivri,Yeni Mahallesi,739999,85,75,2+1,4,3. Kat,Krediye Uygun
363,İstanbul,Bağcılar,Yıldıztepe Mahallesi,1050000,100,90,3+1,11-15,1. Kat,Krediye Uygun
364,İstanbul,Bahçelievler,Bahçelievler Mahallesi,5500000,190,160,4+2,0 (Yeni),4. Kat,Krediye Uygun
365,İstanbul,Sancaktepe,Akpınar Mahallesi,915000,90,80,2+1,4,3. Kat,Krediye Uygun
366,İstanbul,Küçükçekmece,Atakent Mahallesi,6750000,157,140,3+1,2,1. Kat,Krediye Uygun
367,İstanbul,Küçükçekmece,İstasyon Mahallesi,4500000,220,185,3+1,21 Ve Üzeri,Düz Giriş,Krediye Uygun
368,İstanbul,Zeytinburnu,Beştelsiz Mahallesi,3100000,144,124,3+1,0 (Yeni),7. Kat,Krediye Uygun
369,İstanbul,Sultangazi,Esentepe Mahallesi,695000,120,100,3+1,11-15,Kot 1 (-1). Kat,Krediye Uygun
370,İstanbul,Esenyurt,Atatürk Mahallesi,919000,120,110,2+1,3,3. Kat,Krediye Uygun
371,İstanbul,Kartal,Gümüşpınar Mahallesi,1300000,82,63,2+1,0 (Yeni),3. Kat,Krediye Uygun
372,İstanbul,Kartal,Gümüşpınar Mahallesi,1350000,82,63,2+1,0 (Yeni),4. Kat,Krediye Uygun
373,İstanbul,Bakırköy,Zuhuratbaba Mahallesi,5000000,140,110,3+1,0 (Yeni),2. Kat,Krediye Uygun
374,İstanbul,Büyükçekmece,Fatih Mahallesi,1350000,135,120,3+1,21 Ve Üzeri,4. Kat,Krediye Uygun
375,İstanbul,Fatih,Aksaray Mahallesi,800000,85,75,2+1,21 Ve Üzeri,1. Kat,Krediye Uygun
376,İstanbul,Beylikdüzü,Cumhuriyet Mahallesi,439000,110,100,2+1,4,2. Kat,Krediye Uygun
377,İstanbul,Fatih,Hırka-i Şerif Mahallesi,445000,75,70,1+1,21 Ve Üzeri,Yarı Bodrum,Krediye Uygun
378,İstanbul,Küçükçekmece,Mehmet Akif Mahallesi,3100000,136,130,7+3,21 Ve Üzeri,3,Yatırıma Uygun
379,İstanbul,Esenler,Fatih Mahallesi,380000,65,60,1+1,11-15,Yarı Bodrum,Krediye Uygun
380,İstanbul,Bakırköy,Basınköy Mahallesi,93000000,1200,1040,8+ Oda,21 Ve Üzeri,Müstakil,Krediye Uygun
381,İstanbul,Esenyurt,Üçevler Mahallesi,920000,140,130,3+1,4,1. Kat,Krediye Uygun
382,İstanbul,Fatih,Hırka-i Şerif Mahallesi,1500000,70,60,2+1,0 (Yeni),1. Kat,Krediye Uygun
383,İstanbul,Esenyurt,Çınar Mahallesi,889000,140,135,3+1,3,3. Kat,Krediye Uygun
384,İstanbul,Avcılar,Cihangir Mahallesi,699999,85,75,2+1,4,Yüksek Giriş,Krediye Uygun
385,İstanbul,Avcılar,Merkez Mahallesi,865000,140,130,3+1,21 Ve Üzeri,2. Kat,Krediye Uygun
386,İstanbul,Avcılar,Merkez Mahallesi,885000,115,100,2+1,16-20,3. Kat,Krediye Uygun
387,İstanbul,Avcılar,Merkez Mahallesi,689999,65,55,1+1,4,Yüksek Giriş,Krediye Uygun
388,İstanbul,Esenyurt,İncirtepe Mahallesi,850000,140,125,3+1,5-10,1. Kat,Krediye Uygun
389,İstanbul,Esenyurt,Turgut Özal Mahallesi,739000,90,80,2+1,5-10,Yüksek Giriş,Krediye Uygun
390,İstanbul,Bahçelievler,Hürriyet Mahallesi,750000,55,50,1+1,5-10,Yüksek Giriş,Krediye Uygun
391,İstanbul,Bakırköy,Zuhuratbaba Mahallesi,3950000,100,83,2+1,0 (Yeni),1. Kat,Krediye Uygun
392,İstanbul,Pendik,Yayalar Mahallesi,1390000,190,170,3+2,4,9. Kat,Krediye Uygun
393,İstanbul,Esenyurt,Selahaddin Eyyubi Mahallesi,1150000,175,160,4+2,5-10,6. Kat,Krediye Uygun
394,İstanbul,Bahçelievler,Bahçelievler Mahallesi,3850000,105,87,2+1,0 (Yeni),1. Kat,Krediye Uygun
395,İstanbul,Küçükçekmece,Kanarya Mahallesi,955000,105,90,3+1,4,Düz Giriş,Krediye Uygun
396,İstanbul,Bahçelievler,Yenibosna Merkez Mahallesi,1195000,85,80,2+1,0 (Yeni),3. Kat,Krediye Uygun
397,İstanbul,Sultanbeyli,Adil Mahallesi,890000,88,78,2+1,1,3. Kat,Krediye Uygun
398,İstanbul,Başakşehir,Başak Mahallesi,3500000,150,138,4+1,11-15,4. Kat,Krediye Uygun
399,İstanbul,Fatih,Seyyid Ömer Mahallesi,750000,75,70,1+1,21 Ve Üzeri,Yüksek Giriş,Krediye Uygun
400,İstanbul,Fatih,Hırka-i Şerif Mahallesi,2500000,110,100,2+1,0 (Yeni),Çatı Dubleks,Krediye Uygun
401,İstanbul,Fatih,Hırka-i Şerif Mahallesi,1400000,70,60,1+1,0 (Yeni),1. Kat,Krediye Uygun
402,İstanbul,Fatih,Hırka-i Şerif Mahallesi,2500000,120,110,2+1,0 (Yeni),Çatı Dubleks,Krediye Uygun
403,İstanbul,Başakşehir,Bahçeşehir 2. Kısım Mahallesi,6100000,206,190,3+1,5-10,5. Kat,Krediye Uygun
404,İstanbul,Ataşehir,Yenişehir Mahallesi,1450000,90,80,2+1,11-15,Düz Giriş,Krediye Uygun
405,İstanbul,Maltepe,Zümrütevler Mahallesi,720000,70,60,2+1,5-10,Bahçe Katı,Krediye Uygun
406,İstanbul,Maltepe,Cevizli Mahallesi,1515000,90,70,2+1,3,2. Kat,Krediye Uygun
407,İstanbul,Sultangazi,Cebeci Mahallesi,1050000,135,120,3+1,11-15,Çatı Katı,Krediye Uygun
408,İstanbul,Avcılar,Denizköşkler Mahallesi,450000,90,85,2+1,21 Ve Üzeri,Bahçe Katı,Krediye Uygun
409,İstanbul,Başakşehir,Bahçeşehir 2. Kısım Mahallesi,5250000,360,330,5+2,11-15,Villa Tipi,Krediye Uygun
410,İstanbul,Maltepe,Yalı Mahallesi,2550000,130,120,3+1,4,1. Kat,Krediye Uygun
411,İstanbul,Fatih,Topkapı Mahallesi,1100000,90,85,2+1,21 Ve Üzeri,1. Kat,Krediye Uygun
412,İstanbul,Bahçelievler,Soğanlı Mahallesi,1150000,110,90,2+1,0 (Yeni),Bahçe Katı,Krediye Uygun
413,İstanbul,Bahçelievler,Bahçelievler Mahallesi,3900000,215,190,5+1,21 Ve Üzeri,4. Kat,Krediye Uygun
414,İstanbul,Esenyurt,Yeşilkent Mahallesi,765000,90,75,1+1,5-10,17. Kat,Krediye Uygun
415,İstanbul,Gaziosmanpaşa,Hürriyet Mahallesi,690000,95,80,2+1,21 Ve Üzeri,3. Kat,Krediye Uygun
416,İstanbul,Kağıthane,Gürsel Mahallesi,2300000,180,165,5+1,0 (Yeni),6. Kat,Krediye Uygun
417,İstanbul,Kağıthane,Hamidiye Mahallesi,5700000,125,105,3+1,5-10,8. Kat,Krediye Uygun
418,İstanbul,Beşiktaş,Dikilitaş Mahallesi,7500000,150,135,3+1,5-10,4. Kat,Krediye Uygun
419,İstanbul,Kadıköy,Zühtüpaşa Mahallesi,4285000,135,105,3+1,21 Ve Üzeri,7. Kat,Krediye Uygun
420,İstanbul,Bahçelievler,Siyavuşpaşa Mahallesi,1450000,200,180,4+2,21 Ve Üzeri,4. Kat,Krediye Uygun
421,İstanbul,Kağıthane,Nurtepe Mahallesi,1750000,95,80,2+1,4,1. Kat,Krediye Uygun
422,İstanbul,Başakşehir,Başakşehir Mahallesi,4100000,175,141,3+1,3,8. Kat,Krediye Uygun
423,İstanbul,Çekmeköy,Mimar Sinan Mahallesi,6950000,185,170,4+1,11-15,3. Kat,Krediye Uygun
424,İstanbul,Küçükçekmece,Atakent Mahallesi,4950000,170,140,3+1,5-10,7. Kat,Krediye Uygun
425,İstanbul,Ümraniye,Madenler Mahallesi,950000,130,100,2+1,21 Ve Üzeri,7. Kat,Krediye Uygun
426,İstanbul,Bahçelievler,Şirinevler Mahallesi,760000,110,100,2+1,21 Ve Üzeri,5. Kat,Krediye Uygun
427,İstanbul,Çekmeköy,Merkez Mahallesi,1565000,120,105,3+1,5-10,3. Kat,Krediye Uygun
428,İstanbul,Küçükçekmece,Atakent Mahallesi,3120000,134,106,3+1,11-15,12. Kat,Krediye Uygun
429,İstanbul,Avcılar,Cihangir Mahallesi,775550,85,80,2+1,5-10,Yüksek Giriş,Krediye Uygun
430,İstanbul,Küçükçekmece,Atakent Mahallesi,1379000,75,66,2+1,11-15,3. Kat,Krediye Uygun
431,İstanbul,Kadıköy,Caferağa Mahallesi,2650000,80,70,2+1,11-15,1. Kat,Krediye Uygun
432,İstanbul,Beylikdüzü,Yakuplu Mahallesi,1850000,155,130,3+1,11-15,3. Kat,Krediye Uygun
433,İstanbul,Bahçelievler,Yenibosna Merkez Mahallesi,700000,70,65,1+1,0 (Yeni),Yüksek Giriş,Krediye Uygun
434,İstanbul,Bahçelievler,Şirinevler Mahallesi,750000,85,75,2+1,4,Bahçe Katı,Krediye Uygun
435,İstanbul,Başakşehir,Güvercintepe Mahallesi,920000,96,65,2+1,3,Yüksek Giriş,Krediye Uygun Değil
436,İstanbul,Küçükçekmece,İnönü Mahallesi,975000,85,80,2+1,3,1. Kat,Krediye Uygun
437,İstanbul,Başakşehir,Başak Mahallesi,9500000,332,300,6+2,21 Ve Üzeri,Düz Giriş,Krediye Uygun
438,İstanbul,Kadıköy,Fenerbahçe Mahallesi,9850000,145,110,3+1,4,6. Kat,Krediye Uygun
439,İstanbul,Küçükçekmece,Yeşilova Mahallesi,1250000,75,70,2+1,0 (Yeni),2. Kat,Krediye Uygun
440,İstanbul,Esenyurt,Zafer Mahallesi,2750000,157,130,3+1,5-10,5. Kat,Krediye Uygun
441,İstanbul,Esenyurt,Sultaniye Mahallesi,770000,156,130,3+1,5-10,2. Kat,Krediye Uygun
442,İstanbul,Gaziosmanpaşa,Karadeniz Mahallesi,5500000,240,180,4+1,5-10,12. Kat,Krediye Uygun
443,İstanbul,Pendik,Yenişehir Mahallesi,1350000,90,75,2+1,5-10,4. Kat,Krediye Uygun
444,İstanbul,Başakşehir,Güvercintepe Mahallesi,620000,75,65,1+1,4,Yüksek Giriş,Krediye Uygun
445,İstanbul,Esenyurt,Hürriyet Mahallesi,1129000,240,230,4+2,5-10,3. Kat,Krediye Uygun
446,İstanbul,Esenyurt,Ardıçlı Mahallesi,280000,115,105,2+1,0 (Yeni),Yüksek Giriş,Krediye Uygun
447,İstanbul,Fatih,Zeyrek Mahallesi,1500000,140,135,3+1,21 Ve Üzeri,Çatı Dubleks,Krediye Uygun
448,İstanbul,Esenyurt,Turgut Özal Mahallesi,920000,115,100,2+1,5-10,3. Kat,Krediye Uygun
449,İstanbul,Maltepe,Fındıklı Mahallesi,940000,140,130,3+1,16-20,1. Kat,Krediye Uygun Değil
450,İstanbul,Bahçelievler,Bahçelievler Mahallesi,1500000,135,130,3+1,21 Ve Üzeri,Düz Giriş,Krediye Uygun
451,İstanbul,Bağcılar,Sancaktepe Mahallesi,1875000,105,85,2+1,0 (Yeni),Yüksek Giriş,Krediye Uygun
452,İstanbul,Tuzla,İstasyon Mahallesi,1690000,104,72,2+1,0 (Yeni),Yüksek Giriş,Krediye Uygun
453,İstanbul,Bakırköy,Yeşilköy Mahallesi,24000000,420,320,7+2,0 (Yeni),Çatı Dubleks,Krediye Uygun
454,İstanbul,Sancaktepe,Yunus Emre Mahallesi,1575000,250,220,5+1,4,4. Kat,Krediye Uygun
455,İstanbul,Maltepe,Zümrütevler Mahallesi,450000,80,65,2+1,21 Ve Üzeri,2. Kat,Krediye Uygun Değil
456,İstanbul,Eyüpsultan,Çırçır Mahallesi,1480000,90,85,2+1,0 (Yeni),3. Kat,Krediye Uygun
457,İstanbul,Kağıthane,Sultan Selim Mahallesi,1330000,75,65,2+1,5-10,Yüksek Giriş,Krediye Uygun
458,İstanbul,Kağıthane,Sultan Selim Mahallesi,1475000,140,110,3+2,5-10,Çatı Dubleks,Krediye Uygun
459,İstanbul,Kadıköy,Eğitim Mahallesi,3220000,120,78,2+1,0 (Yeni),6. Kat,Krediye Uygun
460,İstanbul,Küçükçekmece,Fevzi Çakmak Mahallesi,2150000,165,150,3+2,0 (Yeni),3. Kat,Krediye Uygun
461,İstanbul,Eyüpsultan,Merkez Mahallesi,3200000,200,180,4+1,5-10,5. Kat,Krediye Uygun
462,İstanbul,Esenyurt,Cumhuriyet Mahallesi,2700000,174,135,3+1,11-15,4. Kat,Krediye Uygun
463,İstanbul,Büyükçekmece,Mimaroba Mahallesi,1899000,150,140,3+1,21 Ve Üzeri,1. Kat,Krediye Uygun
464,İstanbul,Beylikdüzü,Marmara Mahallesi,3250000,210,200,3+1,11-15,Düz Giriş,Krediye Uygun
465,İstanbul,Kadıköy,Erenköy Mahallesi,4850000,230,178,5+1,2,Çatı Dubleks,Krediye Uygun
466,İstanbul,Bahçelievler,Zafer Mahallesi,599000,75,70,2+1,21 Ve Üzeri,1. Kat,Krediye Uygun Değil
467,İstanbul,Esenyurt,Saadetdere Mahallesi,1300000,140,130,3+1,3,Kot 2 (-2). Kat,Krediye Uygun
468,İstanbul,Beylikdüzü,Marmara Mahallesi,977000,115,105,2+1,0 (Yeni),2. Kat,Krediye Uygun
469,İstanbul,Bağcılar,Kirazlı Mahallesi,550000,100,90,2+1,21 Ve Üzeri,4. Kat,Krediye Uygun Değil
470,İstanbul,Maltepe,Zümrütevler Mahallesi,4500000,99,91,Stüdyo,5-10,2. Kat,Krediye Uygun
471,İstanbul,Avcılar,Ambarlı Mahallesi,625000,160,145,3+1,21 Ve Üzeri,1. Kat,Krediye Uygun
472,İstanbul,Bakırköy,Şenlikköy Mahallesi,7500000,165,150,3+1,0 (Yeni),Bahçe Katı,Krediye Uygun
473,İstanbul,Sarıyer,Huzur Mahallesi,5500000,101,72,2+1,0 (Yeni),16. Kat,Krediye Uygun Değil
474,İstanbul,Sultangazi,Cebeci Mahallesi,975000,105,95,2+1,0 (Yeni),Yüksek Giriş,Krediye Uygun
475,İstanbul,Bakırköy,Şenlikköy Mahallesi,14500000,230,210,3+1,0 (Yeni),1. Kat,Krediye Uygun
476,İstanbul,Bakırköy,Şenlikköy Mahallesi,22000000,380,350,7+2,0 (Yeni),2. Kat,Krediye Uygun
477,İstanbul,Bakırköy,Yeşilköy Mahallesi,15200000,320,280,5+2,0 (Yeni),Çatı Dubleks,Krediye Uygun
478,İstanbul,Çekmeköy,Merkez Mahallesi,2100000,130,120,3+1,1,2. Kat,Krediye Uygun
479,İstanbul,Pendik,Çamçeşme Mahallesi,510000,120,110,3+1,16-20,3. Kat,Krediye Uygun Değil
480,İstanbul,Arnavutköy,Yeşilbayır Mahallesi,4500000,400,350,5+4,16-20,Villa Tipi,Krediye Uygun
481,İstanbul,Maltepe,İdealtepe Mahallesi,1990000,120,106,3+1,5-10,Bahçe Katı,Krediye Uygun
482,İstanbul,Gaziosmanpaşa,Hürriyet Mahallesi,1250000,180,170,4+1,21 Ve Üzeri,3. Kat,Krediye Uygun
483,İstanbul,Esenler,Fatih Mahallesi,380000,70,65,1+1,21 Ve Üzeri,4. Kat,Krediye Uygun Değil
484,İstanbul,Küçükçekmece,Fevzi Çakmak Mahallesi,1760000,175,165,4+2,2,3. Kat,Krediye Uygun
485,İstanbul,Bahçelievler,Siyavuşpaşa Mahallesi,550000,75,70,2+1,21 Ve Üzeri,Bahçe Katı,Krediye Uygun
486,İstanbul,Bahçelievler,Soğanlı Mahallesi,2350000,380,360,5+2,21 Ve Üzeri,5. Kat,Krediye Uygun
487,İstanbul,Beylikdüzü,Cumhuriyet Mahallesi,739000,100,95,2+1,0 (Yeni),2. Kat,Krediye Uygun
488,İstanbul,Küçükçekmece,Gültepe Mahallesi,1750000,150,145,3+2,5-10,3. Kat,Krediye Uygun
489,İstanbul,Esenyurt,Saadetdere Mahallesi,929000,105,95,2+1,0 (Yeni),2. Kat,Krediye Uygun
490,İstanbul,Başakşehir,Bahçeşehir 2. Kısım Mahallesi,7000000,252,240,4+1,5-10,5. Kat,Krediye Uygun
491,İstanbul,Tuzla,İstasyon Mahallesi,1650000,97,64,2+1,0 (Yeni),Bahçe Katı,Krediye Uygun
492,İstanbul,Büyükçekmece,Mimar Sinan Merkez Mahallesi,950000,85,75,2+1,5-10,Yüksek Giriş,Krediye Uygun
493,İstanbul,Üsküdar,Sultantepe Mahallesi,10000000,280,250,5+2,0 (Yeni),5. Kat,Krediye Uygun
494,İstanbul,Bahçelievler,Siyavuşpaşa Mahallesi,1000000,85,75,2+1,11-15,Yüksek Giriş,Krediye Uygun
495,İstanbul,Başakşehir,Bahçeşehir 1. Kısım Mahallesi,5150000,123,110,2+1,5-10,Bahçe Dublex,Krediye Uygun
496,İstanbul,Büyükçekmece,Atatürk Mahallesi,1750000,155,145,3+1,5-10,1. Kat,Krediye Uygun
497,İstanbul,Kadıköy,Feneryolu Mahallesi,2450000,85,70,1+1,21 Ve Üzeri,3. Kat,Krediye Uygun
498,İstanbul,Bahçelievler,Hürriyet Mahallesi,825000,65,55,1+1,4,Yüksek Giriş,Krediye Uygun
499,İstanbul,Başakşehir,Kayabaşı Mahallesi,3970000,165,113,3+1,5-10,1. Kat,Krediye Uygun
500,İstanbul,Şişli,Cumhuriyet Mahallesi,9800000,165,135,2.5+1,3,7. Kat,Bilinmiyor
501,İstanbul,Şişli,Cumhuriyet Mahallesi,5400000,85,60,1+1,0 (Yeni),19. Kat,Bilinmiyor
502,İstanbul,Başakşehir,Bahçeşehir 2. Kısım Mahallesi,4500000,200,140,4.5+1,0 (Yeni),10. Kat,Krediye Uygun Değil
503,İstanbul,Esenyurt,Güzelyurt Mahallesi,829000,155,140,3+1,4,3. Kat,Krediye Uygun
504,İstanbul,Esenyurt,Hürriyet Mahallesi,579000,110,100,2+1,4,2. Kat,Krediye Uygun
505,İstanbul,Beylikdüzü,Sahil Mahallesi,4199000,270,250,5+3,0 (Yeni),Çatı Dubleks,Krediye Uygun
506,İstanbul,Bakırköy,Yeşilköy Mahallesi,8750000,180,160,4+1,0 (Yeni),2. Kat,Krediye Uygun
507,İstanbul,Başakşehir,Bahçeşehir 2. Kısım Mahallesi,5500000,260,190,3+1,5-10,5. Kat,Krediye Uygun
508,İstanbul,Bağcılar,Güneşli Mahallesi,1450000,120,115,2+1,1,Yüksek Giriş,Krediye Uygun
509,İstanbul,Beylikdüzü,Adnan Kahveci Mahallesi,2600000,150,130,3+1,0 (Yeni),1. Kat,Krediye Uygun
510,İstanbul,Büyükçekmece,Ekinoba Mahallesi,3750000,200,160,3+1,3,Bahçe Dublex,Krediye Uygun
511,İstanbul,Başakşehir,Güvercintepe Mahallesi,2180000,178,148,4+1,5-10,3. Kat,Krediye Uygun
512,İstanbul,Tuzla,İstasyon Mahallesi,2550000,126,94,3+1,0 (Yeni),6. Kat,Krediye Uygun
513,İstanbul,Tuzla,İstasyon Mahallesi,3490000,144,133,4+1,0 (Yeni),5. Kat,Krediye Uygun
514,İstanbul,Tuzla,İstasyon Mahallesi,2480000,143,95,3+1,0 (Yeni),4. Kat,Krediye Uygun
515,İstanbul,Tuzla,İstasyon Mahallesi,3300000,200,159,5+1,0 (Yeni),8. Kat,Krediye Uygun
516,İstanbul,Tuzla,İstasyon Mahallesi,1875000,105,72,2+1,0 (Yeni),3. Kat,Krediye Uygun
517,İstanbul,Tuzla,İstasyon Mahallesi,5000000,211,192,5+2,0 (Yeni),7. Kat,Krediye Uygun
518,İstanbul,Tuzla,İstasyon Mahallesi,1875000,105,72,2+1,0 (Yeni),1. Kat,Krediye Uygun
519,İstanbul,Tuzla,İstasyon Mahallesi,1975000,105,72,2+1,0 (Yeni),4. Kat,Krediye Uygun
520,İstanbul,Tuzla,İstasyon Mahallesi,2500000,126,93,3+1,0 (Yeni),6. Kat,Krediye Uygun
521,İstanbul,Tuzla,İstasyon Mahallesi,2500000,126,94,3+1,0 (Yeni),6. Kat,Krediye Uygun
522,İstanbul,Beylikdüzü,Adnan Kahveci Mahallesi,9000000,375,340,6+2,0 (Yeni),Müstakil,Krediye Uygun
523,İstanbul,Başakşehir,Kayabaşı Mahallesi,7830000,247,171,4+1,0 (Yeni),5. Kat,Krediye Uygun Değil
524,İstanbul,Esenyurt,Hürriyet Mahallesi,519000,105,95,2+1,5-10,2. Kat,Krediye Uygun
525,İstanbul,Beylikdüzü,Yakuplu Mahallesi,1349000,135,130,3+1,0 (Yeni),2. Kat,Krediye Uygun
526,İstanbul,Esenyurt,Piri Reis Mahallesi,920000,110,100,2+1,4,15. Kat,Krediye Uygun
527,İstanbul,Büyükçekmece,Celaliye Mahallesi,2500000,400,190,4+2,21 Ve Üzeri,Düz Giriş,Krediye Uygun
528,İstanbul,Esenyurt,Mehmet Akif Ersoy Mahallesi,890000,90,70,2+1,0 (Yeni),2. Kat,Krediye Uygun
529,İstanbul,Beylikdüzü,Cumhuriyet Mahallesi,420000,100,90,2+1,4,Bahçe Katı,Krediye Uygun
530,İstanbul,Esenyurt,Mehmet Akif Ersoy Mahallesi,420000,100,90,2+1,0 (Yeni),Bahçe Katı,Krediye Uygun
531,İstanbul,Kartal,Petroliş Mahallesi,1390000,80,70,2+1,0 (Yeni),1. Kat,Krediye Uygun
532,İstanbul,Pendik,Velibaba Mahallesi,1900000,220,200,4+2,11-15,Düz Giriş,Krediye Uygun Değil
533,İstanbul,Beylikdüzü,Adnan Kahveci Mahallesi,1575000,340,320,4+2,16-20,13. Kat,Krediye Uygun
534,İstanbul,Bağcılar,Hürriyet Mahallesi,1850000,110,95,2+1,0 (Yeni),1. Kat,Krediye Uygun
535,İstanbul,Güngören,Haznedar Mahallesi,570000,50,40,1+1,0 (Yeni),Bahçe Katı,Krediye Uygun
536,İstanbul,Bahçelievler,Hürriyet Mahallesi,1800000,170,150,4+2,5-10,5. Kat,Krediye Uygun
537,İstanbul,Sultangazi,Esentepe Mahallesi,1400000,195,180,4+1,5-10,Çatı Katı,Krediye Uygun
538,İstanbul,Beylikdüzü,Cumhuriyet Mahallesi,479999,120,110,2+1,0 (Yeni),3. Kat,Krediye Uygun
539,İstanbul,Gaziosmanpaşa,Karadeniz Mahallesi,4250000,140,115,3+1,5-10,17. Kat,Krediye Uygun
540,İstanbul,Pendik,Esenler Mahallesi,1450000,235,220,6+2,11-15,3. Kat,Krediye Uygun
541,İstanbul,Sultangazi,Yayla Mahallesi,2300000,170,169,2+1,11-15,4,Hayır
542,İstanbul,Gaziosmanpaşa,Karadeniz Mahallesi,3000000,140,110,3+1,5-10,5. Kat,Krediye Uygun
543,İstanbul,Silivri,Kavaklı Hürriyet Mahallesi,3150000,1177,250,4+2,21 Ve Üzeri,Düz Giriş,Krediye Uygun
544,İstanbul,Beykoz,Anadolu Kavağı Mahallesi,3000000,300,250,3+1,21 Ve Üzeri,Düz Giriş,Krediye Uygun Değil
545,İstanbul,Gaziosmanpaşa,Karadeniz Mahallesi,2800000,120,90,2+1,5-10,12. Kat,Krediye Uygun
546,İstanbul,Pendik,Esenler Mahallesi,1600000,135,134,1 Oda,11-15,3,Bilinmiyor
547,İstanbul,Büyükçekmece,Cumhuriyet Mahallesi,2700000,270,250,5+2,4,Çatı Dubleks,Krediye Uygun
548,İstanbul,Beşiktaş,Yıldız Mahallesi,30000000,300,290,5+2,21 Ve Üzeri,2. Kat,Krediye Uygun
549,İstanbul,Şişli,Teşvikiye Mahallesi,3750000,100,90,2+1,2,Yüksek Giriş,Krediye Uygun
550,İstanbul,Başakşehir,Bahçeşehir 2. Kısım Mahallesi,3750000,149,122,3+1,0 (Yeni),1. Kat,Krediye Uygun Değil
551,İstanbul,Ümraniye,Elmalıkent Mahallesi,1585000,102,95,2+1,5-10,3. Kat,Krediye Uygun
552,İstanbul,Küçükçekmece,Yeşilova Mahallesi,3900000,220,200,4+2,0 (Yeni),3. Kat,Krediye Uygun
553,İstanbul,Beşiktaş,Yıldız Mahallesi,30000000,300,290,5+2,21 Ve Üzeri,2. Kat,Krediye Uygun
554,İstanbul,Ataşehir,Kayışdağı Mahallesi,875000,90,85,2+1,5-10,Bahçe Katı,Krediye Uygun
555,İstanbul,Gaziosmanpaşa,Karadeniz Mahallesi,2790000,120,80,2+1,3,11. Kat,Krediye Uygun
556,İstanbul,Eyüpsultan,Karadolap Mahallesi,1520000,95,80,2+1,5-10,1. Kat,Krediye Uygun
557,İstanbul,Sarıyer,Büyükdere Mahallesi,1900000,150,145,4+2,4,Müstakil,Krediye Uygun Değil
558,İstanbul,Kartal,Yakacık Çarşı Mahallesi,3200000,140,120,3+1,0 (Yeni),4. Kat,Krediye Uygun
559,İstanbul,Pendik,Çamlık Mahallesi,15750000,350,310,5+1,11-15,2. Kat,Krediye Uygun
560,İstanbul,Sarıyer,Maslak Mahallesi,3250000,75,60,1+1,5-10,14. Kat,Krediye Uygun
561,İstanbul,Pendik,Velibaba Mahallesi,1600000,120,83,3+1,3,5. Kat,Krediye Uygun
562,İstanbul,Kadıköy,Suadiye Mahallesi,6500000,120,90,3+1,0 (Yeni),13. Kat,Krediye Uygun
563,İstanbul,Bahçelievler,Cumhuriyet Mahallesi,800000,80,65,2+1,5-10,Yüksek Giriş,Krediye Uygun
564,İstanbul,Avcılar,Denizköşkler Mahallesi,1850000,130,120,3+1,21 Ve Üzeri,6. Kat,Krediye Uygun
565,İstanbul,Gaziosmanpaşa,Yeni Mahalle Mahallesi,750000,90,80,2+1,21 Ve Üzeri,Bahçe Katı,Krediye Uygun
566,İstanbul,Esenyurt,Balıkyolu Mahallesi,799000,105,95,2+1,2,2. Kat,Krediye Uygun
567,İstanbul,Beylikdüzü,Adnan Kahveci Mahallesi,1799999,225,200,4+2,0 (Yeni),Çatı Dubleks,Krediye Uygun
568,İstanbul,Başakşehir,Bahçeşehir 2. Kısım Mahallesi,1370000,145,130,3+1,0 (Yeni),2. Kat,Krediye Uygun
569,İstanbul,Beylikdüzü,Cumhuriyet Mahallesi,1320000,140,120,3+1,0 (Yeni),1. Kat,Krediye Uygun
570,İstanbul,Pendik,Velibaba Mahallesi,1125000,112,95,2+1,5-10,1. Kat,Krediye Uygun
571,İstanbul,Bahçelievler,Bahçelievler Mahallesi,3500000,110,95,3+1,21 Ve Üzeri,1. Kat,Krediye Uygun
572,İstanbul,Kartal,Hürriyet Mahallesi,1300000,200,160,4+1,5-10,1. Kat,Krediye Uygun
573,İstanbul,Büyükçekmece,Pınartepe Mahallesi,879999,115,100,2+1,0 (Yeni),2. Kat,Krediye Uygun
574,İstanbul,Pendik,Kurtköy Mahallesi,1060000,120,100,3+1,11-15,2. Kat,Krediye Uygun
575,İstanbul,Esenyurt,Zafer Mahallesi,1350000,85,80,1+1,4,23. Kat,Krediye Uygun
576,İstanbul,Beylikdüzü,Yakuplu Mahallesi,2000000,180,160,4+2,2,Çatı Dubleks,Krediye Uygun
577,İstanbul,Kartal,Karlıktepe Mahallesi,1800000,240,200,5+1,16-20,Çatı Dubleks,Krediye Uygun
578,İstanbul,Beylikdüzü,Yakuplu Mahallesi,1399000,140,130,3+1,4,2. Kat,Krediye Uygun
579,İstanbul,Beylikdüzü,Yakuplu Mahallesi,1900000,200,150,4+2,5-10,5. Kat,Krediye Uygun
580,İstanbul,Küçükçekmece,İnönü Mahallesi,1050000,95,85,2+1,5-10,Yüksek Giriş,Krediye Uygun
581,İstanbul,Silivri,Çanta Sancaktepe Mahallesi,5200000,560,550,4+1,21 Ve Üzeri,Villa Tipi,Krediye Uygun
582,İstanbul,Esenyurt,Pınar Mahallesi,470000,100,95,2+1,5-10,Bahçe Katı,Krediye Uygun
583,İstanbul,Esenyurt,Necip Fazıl Kısakürek Mahallesi,590000,110,100,2+1,5-10,Yüksek Giriş,Krediye Uygun
584,İstanbul,Esenyurt,Yunus Emre Mahallesi,610000,100,90,2+1,5-10,Bahçe Katı,Krediye Uygun
585,İstanbul,Bahçelievler,Yenibosna Merkez Mahallesi,1050000,85,80,2+1,0 (Yeni),1. Kat,Krediye Uygun
586,İstanbul,Fatih,İskenderpaşa Mahallesi,3000000,140,120,3+1,0 (Yeni),4. Kat,Krediye Uygun
587,İstanbul,Sancaktepe,Meclis Mahallesi,1375000,85,70,2+1,5-10,2. Kat,Krediye Uygun
588,İstanbul,Üsküdar,Valide-i Atik Mahallesi,925000,80,75,2+1,21 Ve Üzeri,4. Kat,Krediye Uygun
589,İstanbul,Sancaktepe,Yunus Emre Mahallesi,918000,135,120,2+1,0 (Yeni),Çatı Dubleks,Krediye Uygun
590,İstanbul,Esenyurt,Örnek Mahallesi,795000,95,75,1+1,5-10,1. Kat,Krediye Uygun
591,İstanbul,Pendik,Velibaba Mahallesi,694000,95,80,2+1,11-15,Yüksek Giriş,Krediye Uygun
592,İstanbul,Sancaktepe,Yenidoğan Mahallesi,752000,175,155,4+1,0 (Yeni),1. Kat,Krediye Uygun
593,İstanbul,Sultanbeyli,Mimar Sinan Mahallesi,762000,139,120,2+1,0 (Yeni),1. Kat,Krediye Uygun
594,İstanbul,Pendik,Yenişehir Mahallesi,2750000,140,119,3+1,11-15,5. Kat,Krediye Uygun
595,İstanbul,Çekmeköy,Cumhuriyet Mahallesi,1400000,110,90,2+1,4,6. Kat,Krediye Uygun
596,İstanbul,Pendik,Yenişehir Mahallesi,2750000,140,119,3+1,11-15,5. Kat,Krediye Uygun
597,İstanbul,Esenyurt,Çınar Mahallesi,780000,90,85,2+1,5-10,Yüksek Giriş,Krediye Uygun
598,İstanbul,Beylikdüzü,Adnan Kahveci Mahallesi,4100000,225,200,4+1,0 (Yeni),5. Kat,Krediye Uygun
599,İstanbul,Bahçelievler,Siyavuşpaşa Mahallesi,1200000,220,210,4+2,21 Ve Üzeri,5. Kat,Krediye Uygun Değil
600,İstanbul,Beylikdüzü,Yakuplu Mahallesi,1850000,155,140,3+1,0 (Yeni),3. Kat,Krediye Uygun
601,İstanbul,Sancaktepe,Emek Mahallesi,4150000,175,140,3+1,5-10,Çatı Dubleks,Krediye Uygun
602,İstanbul,Sultangazi,İsmetpaşa Mahallesi,750000,115,110,2+1,16-20,Çatı Katı,Krediye Uygun
603,İstanbul,Üsküdar,Çengelköy Mahallesi,18000000,400,350,5+2,0 (Yeni),Çatı Dubleks,Krediye Uygun
604,İstanbul,Maltepe,Altayçeşme Mahallesi,3200000,130,117,4+1,11-15,5. Kat,Krediye Uygun
605,İstanbul,Eyüpsultan,Silahtarağa Mahallesi,1120000,110,95,2+1,16-20,3. Kat,Krediye Uygun
606,İstanbul,Tuzla,Postane Mahallesi,2800000,125,100,3+1,0 (Yeni),7. Kat,Krediye Uygun
607,İstanbul,Esenyurt,Ardıçlı Mahallesi,490000,130,110,2+1,11-15,3. Kat,Krediye Uygun
608,İstanbul,Bahçelievler,Zafer Mahallesi,570000,80,75,2+1,16-20,2. Kat,Krediye Uygun Değil
609,İstanbul,Esenyurt,Mehterçeşme Mahallesi,277000,95,80,1+1,0 (Yeni),Bahçe Katı,Krediye Uygun
610,İstanbul,Esenyurt,Mehterçeşme Mahallesi,472000,139,125,2+1,0 (Yeni),1. Kat,Krediye Uygun
611,İstanbul,Maltepe,Altayçeşme Mahallesi,1550000,65,55,1+1,0 (Yeni),Düz Giriş,Krediye Uygun
612,İstanbul,Küçükçekmece,Yeşilova Mahallesi,2550000,120,110,3+1,4,1. Kat,Krediye Uygun
613,İstanbul,Beylikdüzü,Kavaklı Mahallesi,536000,135,120,2+1,0 (Yeni),2. Kat,Krediye Uygun
614,İstanbul,Kağıthane,Ortabayır Mahallesi,1140000,105,80,2+1,11-15,Bahçe Katı,Krediye Uygun
615,İstanbul,Üsküdar,Mimar Sinan Mahallesi,2200000,110,100,2+1,16-20,4. Kat,Krediye Uygun
616,İstanbul,Tuzla,Postane Mahallesi,2350000,125,100,3+1,0 (Yeni),7. Kat,Krediye Uygun
617,İstanbul,Büyükçekmece,Türkoba Mahallesi,13000000,600,380,5+1,5-10,Villa Tipi,Krediye Uygun
618,İstanbul,Kadıköy,Caddebostan Mahallesi,8475000,150,115,3+1,3,7. Kat,Krediye Uygun
619,İstanbul,Beylikdüzü,Cumhuriyet Mahallesi,1200000,100,90,2+1,0 (Yeni),7. Kat,Krediye Uygun
620,İstanbul,Beylikdüzü,Cumhuriyet Mahallesi,559000,115,110,2+1,0 (Yeni),2. Kat,Krediye Uygun
621,İstanbul,Esenyurt,Üçevler Mahallesi,620000,150,135,4+1,0 (Yeni),4. Kat,Krediye Uygun
622,İstanbul,Bakırköy,Sakızağacı Mahallesi,11200000,171,111,2+1,2,2. Kat,Krediye Uygun
623,İstanbul,Tuzla,Postane Mahallesi,2500000,125,100,3+1,0 (Yeni),7. Kat,Krediye Uygun
624,İstanbul,Şişli,Paşa Mahallesi,2350000,180,150,3+2,5-10,3. Kat,Krediye Uygun
625,İstanbul,Bahçelievler,Zafer Mahallesi,1350000,90,85,2+1,0 (Yeni),3. Kat,Krediye Uygun
626,İstanbul,Bahçelievler,Soğanlı Mahallesi,1900000,165,150,4+1,0 (Yeni),5. Kat,Krediye Uygun
627,İstanbul,Kadıköy,Bostancı Mahallesi,4350000,110,95,3+1,3,11. Kat,Krediye Uygun
628,İstanbul,Esenyurt,Yeşilkent Mahallesi,1650000,150,145,3+1,0 (Yeni),6. Kat,Krediye Uygun
629,İstanbul,Esenyurt,Çınar Mahallesi,745000,110,105,2+1,0 (Yeni),2. Kat,Krediye Uygun
630,İstanbul,Esenyurt,Selahaddin Eyyubi Mahallesi,695000,100,90,2+1,0 (Yeni),3. Kat,Krediye Uygun
631,İstanbul,Bahçelievler,Çobançeşme Mahallesi,1150000,85,1,2+1,4,3. Kat,Krediye Uygun
632,İstanbul,Beylikdüzü,Yakuplu Mahallesi,1250000,120,110,2+1,0 (Yeni),1. Kat,Krediye Uygun
633,İstanbul,Esenyurt,Yeşilkent Mahallesi,1160000,125,120,2+1,4,12. Kat,Krediye Uygun
634,İstanbul,Beylikdüzü,Yakuplu Mahallesi,1275000,120,110,2+1,0 (Yeni),1. Kat,Krediye Uygun
635,İstanbul,Beşiktaş,Akat Mahallesi,3950000,130,100,3+1,21 Ve Üzeri,10. Kat,Krediye Uygun
636,İstanbul,Beylikdüzü,Adnan Kahveci Mahallesi,2100000,120,105,2+1,2,1. Kat,Krediye Uygun
637,İstanbul,Ümraniye,Esenevler Mahallesi,965000,70,60,2+1,11-15,Bahçe Katı,Krediye Uygun
638,İstanbul,Kağıthane,Sultan Selim Mahallesi,1750000,130,120,3+1,16-20,6. Kat,Krediye Uygun
639,İstanbul,Kartal,Topselvi Mahallesi,1600000,98,73,1+1,1,2. Kat,Krediye Uygun
640,İstanbul,Kartal,Esentepe Mahallesi,1925000,122,103,3+1,0 (Yeni),2. Kat,Krediye Uygun
641,İstanbul,Kartal,Atalar Mahallesi,2175000,204,173,4+1,21 Ve Üzeri,10. Kat,Krediye Uygun
642,İstanbul,Beylikdüzü,Yakuplu Mahallesi,950000,80,70,1+1,0 (Yeni),Yüksek Giriş,Krediye Uygun
643,İstanbul,Beylikdüzü,Kavaklı Mahallesi,1799000,117,95,2+1,4,2. Kat,Krediye Uygun
644,İstanbul,Kartal,Gümüşpınar Mahallesi,3000000,130,110,3+1,4,5. Kat,Krediye Uygun
645,İstanbul,Kadıköy,Fikirtepe Mahallesi,4550000,137,92,2+1,3,10. Kat,Krediye Uygun
646,İstanbul,Kadıköy,Fikirtepe Mahallesi,4550000,137,92,2+1,3,10. Kat,Krediye Uygun
647,İstanbul,Beylikdüzü,Kavaklı Mahallesi,3600000,126,100,2+1,1,4. Kat,Krediye Uygun
648,İstanbul,Üsküdar,Cumhuriyet Mahallesi,1550000,80,70,2+1,0 (Yeni),2. Kat,Krediye Uygun
649,İstanbul,Şişli,Gülbahar Mahallesi,600000,75,70,1+1,21 Ve Üzeri,4. Kat,Krediye Uygun Değil
650,İstanbul,Çekmeköy,Çamlık Mahallesi,1739999,130,115,3+1,5-10,3. Kat,Krediye Uygun
651,İstanbul,Kadıköy,Bostancı Mahallesi,2950000,140,110,3+1,21 Ve Üzeri,3. Kat,Krediye Uygun
652,İstanbul,Kadıköy,Bostancı Mahallesi,5390000,240,220,4+1,21 Ve Üzeri,1. Kat,Krediye Uygun
653,İstanbul,Sultangazi,Uğur Mumcu Mahallesi,2599000,260,250,6+2,0 (Yeni),Çatı Katı,Krediye Uygun
654,İstanbul,Pendik,Orhangazi Mahallesi,625000,145,130,3+1,21 Ve Üzeri,4. Kat,Krediye Uygun Değil
655,İstanbul,Pendik,Güzelyalı Mahallesi,690000,115,105,3+1,11-15,Bahçe Katı,Krediye Uygun
656,İstanbul,Beylikdüzü,Adnan Kahveci Mahallesi,2100000,150,130,3+1,5-10,2. Kat,Krediye Uygun
657,İstanbul,Ümraniye,Esenşehir Mahallesi,1365000,115,105,3+1,11-15,4. Kat,Krediye Uygun
658,İstanbul,Pendik,Sülüntepe Mahallesi,1140000,85,75,2+1,4,1. Kat,Krediye Uygun
659,İstanbul,Gaziosmanpaşa,Karadeniz Mahallesi,2050000,96,62,1+1,5-10,17. Kat,Krediye Uygun Değil
660,İstanbul,Beylikdüzü,Adnan Kahveci Mahallesi,1600000,110,90,2+1,16-20,8. Kat,Krediye Uygun
661,İstanbul,Esenyurt,Cumhuriyet Mahallesi,700000,38,30,Stüdyo,5-10,1. Kat,Krediye Uygun
662,İstanbul,Küçükçekmece,Cennet Mahallesi,940000,130,125,3+1,21 Ve Üzeri,4. Kat,Krediye Uygun
663,İstanbul,Kadıköy,Hasanpaşa Mahallesi,2850000,115,95,3+1,4,1. Kat,Krediye Uygun
664,İstanbul,Kadıköy,Kozyatağı Mahallesi,3100000,130,110,3+1,21 Ve Üzeri,3. Kat,Krediye Uygun
665,İstanbul,Beylikdüzü,Adnan Kahveci Mahallesi,1775000,160,150,3+1,11-15,3. Kat,Krediye Uygun
666,İstanbul,Kadıköy,Caddebostan Mahallesi,9250000,180,140,4+1,21 Ve Üzeri,5. Kat,Krediye Uygun Değil
667,İstanbul,Güngören,Güven Mahallesi,780000,85,80,2+1,21 Ve Üzeri,Yüksek Giriş,Krediye Uygun
668,İstanbul,Çatalca,Subaşı Mahallesi,4000000,350,330,5+1,21 Ve Üzeri,Villa Tipi,Krediye Uygun Değil
669,İstanbul,Şişli,Gülbahar Mahallesi,650000,75,70,1+1,21 Ve Üzeri,4. Kat,Krediye Uygun Değil
670,İstanbul,Üsküdar,Bahçelievler Mahallesi,2200000,88,75,2+1,0 (Yeni),4. Kat,Krediye Uygun
671,İstanbul,Kağıthane,Merkez Mahallesi,2850000,80,58,2+1,0 (Yeni),7. Kat,Krediye Uygun
672,İstanbul,Tuzla,Aydıntepe Mahallesi,1400000,140,135,3+1,11-15,2. Kat,Krediye Uygun
673,İstanbul,Pendik,Fatih Mahallesi,655000,100,95,2+1,21 Ve Üzeri,3. Kat,Krediye Uygun Değil
674,İstanbul,Esenyurt,Turgut Özal Mahallesi,897500,165,150,3+1,5-10,Yüksek Giriş,Krediye Uygun
675,İstanbul,Esenyurt,Turgut Özal Mahallesi,1310000,135,120,3+1,3,3. Kat,Krediye Uygun
676,İstanbul,Sarıyer,Maslak Mahallesi,9500000,180,140,3+1,11-15,11. Kat,Krediye Uygun
677,İstanbul,Sultangazi,50. Yıl Mahallesi,849000,100,95,2+1,11-15,2. Kat,Krediye Uygun
679,İstanbul,Pendik,Çınardere Mahallesi,1425000,95,85,2+1,4,7. Kat,Krediye Uygun
680,İstanbul,Beylikdüzü,Yakuplu Mahallesi,2350000,170,145,4+2,0 (Yeni),5. Kat,Krediye Uygun
681,İstanbul,Esenyurt,Balıkyolu Mahallesi,670000,105,100,2+1,4,2. Kat,Krediye Uygun
682,İstanbul,Esenyurt,Battalgazi Mahallesi,432000,80,70,1+1,3,Bahçe Katı,Krediye Uygun
683,İstanbul,Sultangazi,50. Yıl Mahallesi,819000,90,85,2+1,11-15,Yüksek Giriş,Krediye Uygun
684,İstanbul,Silivri,Mimar Sinan Mahallesi,755000,115,95,2+1,2,3. Kat,Krediye Uygun Değil
685,İstanbul,Sarıyer,Bahçeköy Merkez Mahallesi,1250000,130,125,3+1,21 Ve Üzeri,4. Kat,Krediye Uygun Değil
686,İstanbul,Küçükçekmece,Atakent Mahallesi,4500000,141,120,3+1,5-10,5. Kat,Krediye Uygun
687,İstanbul,Bağcılar,Bağlar Mahallesi,1950000,67,55,1+1,5-10,7. Kat,Krediye Uygun
688,İstanbul,Avcılar,Cihangir Mahallesi,890000,70,65,2+1,5-10,Bahçe Katı,Krediye Uygun
689,İstanbul,Esenyurt,Necip Fazıl Kısakürek Mahallesi,739000,130,120,3+1,5-10,Yüksek Giriş,Krediye Uygun
690,İstanbul,Üsküdar,Bulgurlu Mahallesi,2500000,150,130,5+1,0 (Yeni),4. Kat,Krediye Uygun
691,İstanbul,Ataşehir,İnönü Mahallesi,1600000,100,85,2+1,5-10,3. Kat,Krediye Uygun
692,İstanbul,Bahçelievler,Hürriyet Mahallesi,1150000,80,78,2+1,0 (Yeni),1. Kat,Krediye Uygun
693,İstanbul,Beşiktaş,Akat Mahallesi,10800000,240,220,4+2,5-10,6. Kat,Krediye Uygun
694,İstanbul,Sancaktepe,Meclis Mahallesi,737000,100,90,2+1,5-10,Yüksek Giriş,Krediye Uygun
695,İstanbul,Beylikdüzü,Barış Mahallesi,1790000,165,150,3+1,5-10,1. Kat,Krediye Uygun
696,İstanbul,Şişli,Gülbahar Mahallesi,645000,90,85,2+1,16-20,3. Kat,Krediye Uygun Değil
697,İstanbul,Üsküdar,Bulgurlu Mahallesi,1750000,80,70,2+1,0 (Yeni),Yüksek Giriş,Krediye Uygun
698,İstanbul,Sultanbeyli,Adil Mahallesi,1310000,125,110,3+1,0 (Yeni),4. Kat,Krediye Uygun
699,İstanbul,Üsküdar,Bulgurlu Mahallesi,3500000,240,185,4+2,0 (Yeni),4. Kat,Krediye Uygun
700,İstanbul,Kağıthane,Çağlayan Mahallesi,1989000,200,170,4+2,1,7. Kat,Krediye Uygun
701,İstanbul,Beyoğlu,Keçeci Piri Mahallesi,1150000,110,100,3+1,5-10,Kot 1 (-1). Kat,Krediye Uygun
702,İstanbul,Başakşehir,Bahçeşehir 2. Kısım Mahallesi,1900000,130,95,2+1,0 (Yeni),21. Kat,Krediye Uygun Değil
703,İstanbul,Şişli,Fulya Mahallesi,60000000,600,599,5+1,1,30-40. Kat,Krediye Uygun
704,İstanbul,Esenyurt,Akevler Mahallesi,1325000,120,105,2+1,5-10,5. Kat,Krediye Uygun
705,İstanbul,Esenyurt,Mehterçeşme Mahallesi,820000,120,100,2+1,5-10,4. Kat,Krediye Uygun
706,İstanbul,Maltepe,Zümrütevler Mahallesi,1450000,160,120,3+1,5-10,4. Kat,Krediye Uygun
707,İstanbul,Sancaktepe,Eyüp Sultan Mahallesi,1197000,110,75,2+1,5-10,1. Kat,Krediye Uygun
708,İstanbul,Sancaktepe,Eyüp Sultan Mahallesi,1197000,110,75,2+1,5-10,1. Kat,Krediye Uygun
709,İstanbul,Sultanbeyli,Adil Mahallesi,640000,75,68,2+1,3,Bahçe Katı,Krediye Uygun
710,İstanbul,Silivri,Alibey Mahallesi,980000,160,156,3.5+1,21 Ve Üzeri,4. Kat,Bilinmiyor
711,İstanbul,Güngören,Güven Mahallesi,780000,90,85,2+1,21 Ve Üzeri,Yüksek Giriş,Krediye Uygun
712,İstanbul,Esenyurt,Cumhuriyet Mahallesi,2100000,165,138,3+1,5-10,2. Kat,Krediye Uygun
713,İstanbul,Beylikdüzü,Kavaklı Mahallesi,1975000,130,120,3+1,0 (Yeni),2. Kat,Krediye Uygun
714,İstanbul,Güngören,Haznedar Mahallesi,1650000,120,100,3+1,21 Ve Üzeri,2. Kat,Krediye Uygun
715,İstanbul,Pendik,Sülüntepe Mahallesi,1270000,105,94,2+1,5-10,6. Kat,Krediye Uygun
716,İstanbul,Bahçelievler,Zafer Mahallesi,1600000,190,180,4+1,11-15,Çatı Dubleks,Krediye Uygun
717,İstanbul,Sultanbeyli,Mimar Sinan Mahallesi,1350000,160,135,4+1,1,Çatı Dubleks,Krediye Uygun
718,İstanbul,Ümraniye,Tatlısu Mahallesi,3535000,150,120,3+1,5-10,13. Kat,Krediye Uygun
719,İstanbul,Sultangazi,Esentepe Mahallesi,650000,80,70,2+1,11-15,Yüksek Giriş,Krediye Uygun
720,İstanbul,Ümraniye,Site Mahallesi,2200000,125,110,3+1,3,1. Kat,Krediye Uygun
721,İstanbul,Ümraniye,Aşağı Dudullu Mahallesi,1100000,95,80,2+1,16-20,Düz Giriş,Krediye Uygun
722,İstanbul,Bahçelievler,Soğanlı Mahallesi,830000,100,95,2+1,21 Ve Üzeri,1. Kat,Krediye Uygun
723,İstanbul,Bahçelievler,Yenibosna Merkez Mahallesi,1770000,70,42,1+1,2,1. Kat,Krediye Uygun
724,İstanbul,Bahçelievler,Siyavuşpaşa Mahallesi,1100000,90,85,2+1,21 Ve Üzeri,5. Kat,Krediye Uygun
725,İstanbul,Başakşehir,Kayabaşı Mahallesi,1125000,69,58,2+1,5-10,2. Kat,Krediye Uygun
726,İstanbul,Beylikdüzü,Yakuplu Mahallesi,1100000,100,90,2+1,0 (Yeni),2. Kat,Krediye Uygun
727,İstanbul,Esenyurt,Battalgazi Mahallesi,520000,85,70,2+1,4,1. Kat,Krediye Uygun
728,İstanbul,Sancaktepe,Yenidoğan Mahallesi,890000,110,100,3+1,0 (Yeni),3. Kat,Krediye Uygun
729,İstanbul,Sancaktepe,Fatih Mahallesi,800000,95,85,2+1,0 (Yeni),3. Kat,Krediye Uygun
730,İstanbul,Esenyurt,Osmangazi Mahallesi,520000,115,105,2+1,4,Bahçe Katı,Krediye Uygun
731,İstanbul,Pendik,Çamlık Mahallesi,2449000,105,95,2+1,0 (Yeni),2. Kat,Krediye Uygun
732,İstanbul,Şişli,Gülbahar Mahallesi,1250000,120,110,2+1,16-20,Kot 3 (-3). Kat,Krediye Uygun
733,İstanbul,Eyüpsultan,Rami Cuma Mahallesi,2100000,130,115,3+1,21 Ve Üzeri,1. Kat,Krediye Uygun
734,İstanbul,Bağcılar,Mahmutbey Mahallesi,900000,70,60,2+1,4,1. Kat,Krediye Uygun
735,İstanbul,Avcılar,Denizköşkler Mahallesi,950000,120,100,3+1,21 Ve Üzeri,6. Kat,Krediye Uygun
736,İstanbul,Sultanbeyli,Adil Mahallesi,789000,95,85,2+1,0 (Yeni),2. Kat,Krediye Uygun
737,İstanbul,Sarıyer,Ayazağa Mahallesi,2700000,45,30,Stüdyo,1,7. Kat,Krediye Uygun
738,İstanbul,Sarıyer,Ayazağa Mahallesi,2700000,45,30,Stüdyo,1,7. Kat,Krediye Uygun
739,İstanbul,Esenyurt,Selahaddin Eyyubi Mahallesi,700000,115,110,2+1,4,4. Kat,Krediye Uygun
740,İstanbul,Esenyurt,Akevler Mahallesi,1610000,130,125,3+1,1,4. Kat,Krediye Uygun
741,İstanbul,Sancaktepe,Yenidoğan Mahallesi,950000,120,110,2+2,5-10,Yüksek Giriş,Krediye Uygun
742,İstanbul,Büyükçekmece,Kumburgaz Mahallesi,4150000,550,530,5+2,11-15,Villa Tipi,Krediye Uygun
743,İstanbul,Esenyurt,Mehmet Akif Ersoy Mahallesi,875000,100,90,2+1,5-10,2. Kat,Krediye Uygun
744,İstanbul,Küçükçekmece,Atakent Mahallesi,1350000,47,35,1+1,5-10,1. Kat,Krediye Uygun
745,İstanbul,Başakşehir,Güvercintepe Mahallesi,1150000,200,180,3+2,3,4. Kat,Krediye Uygun
746,İstanbul,Başakşehir,Kayabaşı Mahallesi,3380000,130,92,2+1,4,6. Kat,Krediye Uygun
747,İstanbul,Bayrampaşa,Yıldırım Mahallesi,2450000,110,98,3+1,0 (Yeni),1. Kat,Krediye Uygun
748,İstanbul,Sancaktepe,Kemal Türkler Mahallesi,1400000,150,135,3+1,4,2. Kat,Krediye Uygun
749,İstanbul,Ümraniye,Yamanevler Mahallesi,880000,70,60,1+1,0 (Yeni),Bahçe Katı,Krediye Uygun
750,İstanbul,Sancaktepe,Eyüp Sultan Mahallesi,2150000,66,56,1+1,1,4. Kat,Krediye Uygun
751,İstanbul,Şişli,19 Mayıs Mahallesi,2900000,85,75,2+1,0 (Yeni),3. Kat,Krediye Uygun
752,İstanbul,Beylikdüzü,Kavaklı Mahallesi,1075000,100,90,2+1,5-10,2. Kat,Krediye Uygun
753,İstanbul,Sancaktepe,Emek Mahallesi,1325000,70,60,1+1,5-10,3. Kat,Krediye Uygun
754,İstanbul,Çatalca,Ferhatpaşa Mahallesi,900000,85,65,2+1,3,3. Kat,Krediye Uygun
755,İstanbul,Bahçelievler,Soğanlı Mahallesi,850000,90,85,2+1,21 Ve Üzeri,3. Kat,Krediye Uygun
756,İstanbul,Arnavutköy,İslambey Mahallesi,885000,90,85,2+1,0 (Yeni),2. Kat,Krediye Uygun
757,İstanbul,Sancaktepe,Osmangazi Mahallesi,927000,130,120,2+1,0 (Yeni),Yüksek Giriş,Krediye Uygun
758,İstanbul,Silivri,Gümüşyaka Mahallesi,1325000,170,150,4+1,21 Ve Üzeri,Müstakil,Krediye Uygun
759,İstanbul,Küçükçekmece,Yeşilova Mahallesi,700000,115,100,2+1,21 Ve Üzeri,5. Kat,Krediye Uygun Değil
760,İstanbul,Eyüpsultan,Çırçır Mahallesi,1350000,90,85,2+1,5-10,3. Kat,Krediye Uygun
761,İstanbul,Çekmeköy,Taşdelen Mahallesi,950000,60,50,1+1,5-10,Düz Giriş,Krediye Uygun
762,İstanbul,Ümraniye,Çakmak Mahallesi,1900000,180,160,4+1,11-15,4. Kat,Krediye Uygun
763,İstanbul,Kadıköy,Göztepe Mahallesi,3600000,90,65,2+1,0 (Yeni),3. Kat,Krediye Uygun
764,İstanbul,Çekmeköy,Mimar Sinan Mahallesi,1000000,65,50,1+1,5-10,Yüksek Giriş,Krediye Uygun
765,İstanbul,Beylikdüzü,Adnan Kahveci Mahallesi,2300000,170,140,3+1,5-10,2. Kat,Krediye Uygun
766,İstanbul,Büyükçekmece,Dizdariye Mahallesi,1900000,130,115,3+1,11-15,3. Kat,Krediye Uygun
767,İstanbul,Büyükçekmece,Sinanoba Mahallesi,1850000,130,100,3+1,16-20,3. Kat,Krediye Uygun
768,İstanbul,Beylikdüzü,Adnan Kahveci Mahallesi,2300000,170,140,3+1,5-10,2. Kat,Krediye Uygun
769,İstanbul,Büyükçekmece,Dizdariye Mahallesi,1900000,130,115,3+1,11-15,3. Kat,Krediye Uygun
770,İstanbul,Büyükçekmece,Sinanoba Mahallesi,1850000,130,100,3+1,16-20,3. Kat,Krediye Uygun
771,İstanbul,Küçükçekmece,Mehmet Akif Mahallesi,400000,85,80,2+1,21 Ve Üzeri,1. Kat,Krediye Uygun Değil
772,İstanbul,Küçükçekmece,Atakent Mahallesi,1700000,85,80,2+1,11-15,7. Kat,Krediye Uygun
773,İstanbul,Küçükçekmece,Atakent Mahallesi,3150000,152,138,3+1,11-15,5. Kat,Krediye Uygun
774,İstanbul,Silivri,Mimar Sinan Mahallesi,850000,92,70,2+1,2,6. Kat,Krediye Uygun
775,İstanbul,Ataşehir,İçerenköy Mahallesi,1865000,105,75,2+1,5-10,1. Kat,Krediye Uygun
776,İstanbul,Bahçelievler,Fevzi Çakmak Mahallesi,930000,135,125,3+1,21 Ve Üzeri,1. Kat,Krediye Uygun Değil
777,İstanbul,Sancaktepe,Merve Mahallesi,895000,160,150,4+1,5-10,Yüksek Giriş,Krediye Uygun
778,İstanbul,Başakşehir,Bahçeşehir 2. Kısım Mahallesi,3900000,166,107,3+1,0 (Yeni),14. Kat,Krediye Uygun Değil
779,İstanbul,Beşiktaş,Mecidiye Mahallesi,8000000,220,170,2+1,21 Ve Üzeri,5. Kat,Krediye Uygun
780,İstanbul,Başakşehir,Altınşehir Mahallesi,700000,100,90,2+1,0 (Yeni),Yüksek Giriş,Krediye Uygun
781,İstanbul,Arnavutköy,Mustafa Kemal Paşa Mahallesi,600000,100,92,3+1,5-10,Yüksek Giriş,Krediye Uygun
782,İstanbul,Fatih,Şehsuvar Bey Mahallesi,5750000,70,60,2+1,21 Ve Üzeri,Müstakil,Bilinmiyor
783,İstanbul,Çekmeköy,Sultançiftliği Mahallesi,1250000,125,115,3+1,11-15,Düz Giriş,Krediye Uygun Değil
784,İstanbul,Büyükçekmece,Celaliye Mahallesi,600000,90,80,2+1,21 Ve Üzeri,1. Kat,Krediye Uygun
785,İstanbul,Maltepe,Altıntepe Mahallesi,1625000,95,80,2+1,21 Ve Üzeri,Yüksek Giriş,Krediye Uygun
786,İstanbul,Sarıyer,Tarabya Mahallesi,11750000,220,200,4+1,21 Ve Üzeri,2. Kat,Krediye Uygun
787,İstanbul,Kadıköy,Fenerbahçe Mahallesi,3500000,57,43,1+1,0 (Yeni),Bahçe Katı,Krediye Uygun
788,İstanbul,Fatih,Molla Gürani Mahallesi,1100000,85,80,2+1,21 Ve Üzeri,Düz Giriş,Krediye Uygun
789,İstanbul,Ataşehir,Esatpaşa Mahallesi,1750000,97,87,2+1,5-10,1. Kat,Krediye Uygun
790,İstanbul,Avcılar,Cihangir Mahallesi,530000,110,100,2+1,21 Ve Üzeri,Bahçe Katı,Krediye Uygun Değil
791,İstanbul,Ümraniye,Namık Kemal Mahallesi,1690000,93,78,2+1,0 (Yeni),Yüksek Giriş,Krediye Uygun
792,İstanbul,Beylikdüzü,Marmara Mahallesi,950000,120,110,2+1,0 (Yeni),3. Kat,Krediye Uygun
793,İstanbul,Gaziosmanpaşa,Şemsipaşa Mahallesi,585000,85,75,2+1,11-15,Kot 1 (-1). Kat,Krediye Uygun
794,İstanbul,Bağcılar,Yenimahalle Mahallesi,1225000,125,120,3+1,11-15,2. Kat,Krediye Uygun
795,İstanbul,Kartal,Uğur Mumcu Mahallesi,1200000,130,120,3+1,21 Ve Üzeri,Yüksek Giriş,Krediye Uygun
796,İstanbul,Eyüpsultan,İslambey Mahallesi,1050000,110,95,2+1,5-10,1. Kat,Krediye Uygun
797,İstanbul,Çekmeköy,Merkez Mahallesi,855000,90,80,3+1,5-10,Düz Giriş,Krediye Uygun
798,İstanbul,Bağcılar,Göztepe Mahallesi,3100000,130,100,3+1,0 (Yeni),6. Kat,Krediye Uygun
799,İstanbul,Silivri,Yeni Mahallesi,1050000,105,95,2+1,0 (Yeni),3. Kat,Krediye Uygun
800,İstanbul,Esenyurt,Osmangazi Mahallesi,380000,100,90,2+1,5-10,Bahçe Katı,Krediye Uygun
801,İstanbul,Bağcılar,Mahmutbey Mahallesi,1030000,95,90,2+1,11-15,2. Kat,Krediye Uygun
802,İstanbul,Gaziosmanpaşa,Karadeniz Mahallesi,2120000,95,92,1+1,4,9. Kat,Krediye Uygun
803,İstanbul,Sarıyer,Ayazağa Mahallesi,900000,70,65,1+1,21 Ve Üzeri,Düz Giriş,Krediye Uygun Değil
804,İstanbul,Avcılar,Cihangir Mahallesi,150000,40,35,1 Oda,11-15,Düz Giriş,Krediye Uygun
805,İstanbul,Sancaktepe,Kemal Türkler Mahallesi,650000,80,70,2+1,16-20,2. Kat,Krediye Uygun Değil
806,İstanbul,Sultanbeyli,Fatih Mahallesi,1200000,201,200,2+1,21 Ve Üzeri,Düz Giriş,Krediye Uygun Değil
807,İstanbul,Küçükçekmece,Kanarya Mahallesi,3500000,150,130,3+1,21 Ve Üzeri,5,Hayır
808,İstanbul,Silivri,Yeni Mahallesi,1050000,120,110,3+1,0 (Yeni),3. Kat,Krediye Uygun
809,İstanbul,Başakşehir,Güvercintepe Mahallesi,387500,80,65,1+1,1,Bahçe Katı,Krediye Uygun
810,İstanbul,Beşiktaş,Dikilitaş Mahallesi,4500000,115,88,3+1,0 (Yeni),1. Kat,Krediye Uygun
811,İstanbul,Beşiktaş,Dikilitaş Mahallesi,2800000,78,51,2+1,0 (Yeni),Yüksek Giriş,Krediye Uygun
812,İstanbul,Büyükçekmece,Kamiloba Mahallesi,1250000,100,90,2+1,11-15,4. Kat,Bilinmiyor
813,İstanbul,Bayrampaşa,Kartaltepe Mahallesi,2250000,80,70,2+1,0 (Yeni),4. Kat,Krediye Uygun
814,İstanbul,Kağıthane,Merkez Mahallesi,3500000,85,70,2+1,3,5. Kat,Krediye Uygun
815,İstanbul,Kadıköy,19 Mayıs Mahallesi,3495000,95,73,2+1,5-10,6. Kat,Krediye Uygun Değil
816,İstanbul,Kadıköy,Feneryolu Mahallesi,3250000,100,80,2+1,21 Ve Üzeri,3. Kat,Krediye Uygun
817,İstanbul,Kadıköy,Bostancı Mahallesi,2875000,105,65,2+1,4,5. Kat,Krediye Uygun
818,İstanbul,Başakşehir,Ziya Gökalp Mahallesi,4900000,156,152,3+1,5-10,10. Kat,Krediye Uygun
819,İstanbul,Başakşehir,Ziya Gökalp Mahallesi,3135000,122,102,2+1,5-10,10. Kat,Krediye Uygun
820,İstanbul,Kadıköy,Göztepe Mahallesi,6575000,210,152,4+1,21 Ve Üzeri,2. Kat,Krediye Uygun
821,İstanbul,Küçükçekmece,Yeşilova Mahallesi,1600000,85,75,2+1,0 (Yeni),2. Kat,Krediye Uygun
822,İstanbul,Küçükçekmece,Yeşilova Mahallesi,1100000,85,75,2+1,0 (Yeni),1. Kat,Krediye Uygun
823,İstanbul,Gaziosmanpaşa,Bağlarbaşı Mahallesi,1400000,100,95,2+1,5-10,Bahçe Katı,Krediye Uygun
824,İstanbul,Esenyurt,Güzelyurt Mahallesi,965000,100,85,2+1,0 (Yeni),1. Kat,Krediye Uygun
825,İstanbul,Beylikdüzü,Cumhuriyet Mahallesi,799000,100,90,2+1,3,Yüksek Giriş,Krediye Uygun
826,İstanbul,Beylikdüzü,Cumhuriyet Mahallesi,679000,100,90,2+1,4,Yüksek Giriş,Krediye Uygun
827,İstanbul,Pendik,Güzelyalı Mahallesi,1350000,90,85,2+1,0 (Yeni),2. Kat,Krediye Uygun
828,İstanbul,Sancaktepe,Yunus Emre Mahallesi,910000,125,110,3+1,4,Yüksek Giriş,Krediye Uygun
829,İstanbul,Sancaktepe,Yunus Emre Mahallesi,910000,125,110,3+1,4,Yüksek Giriş,Krediye Uygun
830,İstanbul,Ataşehir,İnönü Mahallesi,2650000,130,110,3+1,5-10,1. Kat,Krediye Uygun
831,İstanbul,Beylikdüzü,Yakuplu Mahallesi,1275000,110,100,2+1,0 (Yeni),2. Kat,Krediye Uygun
832,İstanbul,Pendik,Yenişehir Mahallesi,1200000,67,50,1+1,11-15,6. Kat,Krediye Uygun
833,İstanbul,Bahçelievler,Çobançeşme Mahallesi,880000,125,120,3+1,21 Ve Üzeri,1. Kat,Krediye Uygun Değil
834,İstanbul,Bahçelievler,Çobançeşme Mahallesi,2200000,190,170,4+1,0 (Yeni),4. Kat,Krediye Uygun
835,İstanbul,Esenyurt,İstiklal Mahallesi,274000,95,80,1+1,0 (Yeni),Bahçe Katı,Krediye Uygun
836,İstanbul,Kartal,Uğur Mumcu Mahallesi,3650000,180,160,3+1,4,4. Kat,Krediye Uygun
837,İstanbul,Beylikdüzü,Kavaklı Mahallesi,438000,140,125,2+1,0 (Yeni),Yüksek Giriş,Krediye Uygun
838,İstanbul,Kartal,Soğanlık Yeni Mahallesi,1495000,115,95,3+1,0 (Yeni),Yüksek Giriş,Krediye Uygun
839,İstanbul,Kartal,Soğanlık Yeni Mahallesi,1775000,115,95,3+1,0 (Yeni),1. Kat,Krediye Uygun
840,İstanbul,Esenyurt,Mehmet Akif Ersoy Mahallesi,318000,135,120,2+1,0 (Yeni),Bahçe Katı,Krediye Uygun
841,İstanbul,Maltepe,Feyzullah Mahallesi,2300000,85,65,2+1,5-10,2. Kat,Krediye Uygun
842,İstanbul,Çekmeköy,Taşdelen Mahallesi,1649000,105,85,2+1,0 (Yeni),4. Kat,Krediye Uygun
843,İstanbul,Esenyurt,Cumhuriyet Mahallesi,575999,100,95,2+1,0 (Yeni),Düz Giriş,Krediye Uygun
844,İstanbul,Esenyurt,Zafer Mahallesi,785000,110,100,2+1,4,13. Kat,Krediye Uygun Değil
845,İstanbul,Kadıköy,Göztepe Mahallesi,4600000,110,85,3+1,4,1. Kat,Krediye Uygun
846,İstanbul,Çekmeköy,Taşdelen Mahallesi,1755000,140,125,2+1,0 (Yeni),1. Kat,Krediye Uygun
847,İstanbul,Maltepe,İdealtepe Mahallesi,3900000,145,130,3+1,4,2. Kat,Krediye Uygun
848,İstanbul,Sarıyer,Maslak Mahallesi,7200000,170,135,3+1,5-10,18. Kat,Krediye Uygun
849,İstanbul,Esenyurt,Saadetdere Mahallesi,1110000,150,130,3+1,3,3. Kat,Krediye Uygun
850,İstanbul,Avcılar,Cihangir Mahallesi,910000,85,80,2+1,11-15,Çatı Katı,Krediye Uygun
851,İstanbul,Başakşehir,Güvercintepe Mahallesi,725000,100,90,2+1,3,Yüksek Giriş,Krediye Uygun
852,İstanbul,Esenyurt,Akevler Mahallesi,1750000,135,125,3+1,5-10,6. Kat,Krediye Uygun
853,İstanbul,Sultanbeyli,Hamidiye Mahallesi,1270000,155,145,4+1,0 (Yeni),Çatı Dubleks,Krediye Uygun
854,İstanbul,Esenler,Fatih Mahallesi,1650000,135,125,3+1,4,1. Kat,Krediye Uygun
855,İstanbul,Küçükçekmece,Atakent Mahallesi,1625000,62,54,1+1,5-10,6. Kat,Krediye Uygun
856,İstanbul,Beylikdüzü,Kavaklı Mahallesi,2549000,165,140,3+1,0 (Yeni),2. Kat,Krediye Uygun
857,İstanbul,Avcılar,Mustafa Kemal Paşa Mahallesi,2300000,200,190,5+1,4,Çatı Dubleks,Krediye Uygun
858,İstanbul,Beylikdüzü,Kavaklı Mahallesi,2549000,165,140,3+1,0 (Yeni),2. Kat,Krediye Uygun
859,İstanbul,Avcılar,Mustafa Kemal Paşa Mahallesi,2300000,200,190,5+1,4,Çatı Dubleks,Krediye Uygun
860,İstanbul,Bahçelievler,Yenibosna Merkez Mahallesi,1570000,160,150,4+1,5-10,4. Kat,Krediye Uygun
861,İstanbul,Bahçelievler,Yenibosna Merkez Mahallesi,1575000,130,120,3+1,5-10,2. Kat,Krediye Uygun
862,İstanbul,Avcılar,Cihangir Mahallesi,850000,95,90,2+1,21 Ve Üzeri,5. Kat,Krediye Uygun
863,İstanbul,Beylikdüzü,Adnan Kahveci Mahallesi,3500000,240,190,4+1,5-10,5. Kat,Krediye Uygun
864,İstanbul,Maltepe,Çınar Mahallesi,2850000,90,80,2+1,3,3. Kat,Krediye Uygun
865,İstanbul,Bahçelievler,Şirinevler Mahallesi,1130000,100,90,2+1,21 Ve Üzeri,1. Kat,Krediye Uygun
866,İstanbul,Avcılar,Cihangir Mahallesi,1350000,140,130,3+1,21 Ve Üzeri,6. Kat,Krediye Uygun
867,İstanbul,Kadıköy,Caddebostan Mahallesi,11200000,165,132,4+1,0 (Yeni),2. Kat,Krediye Uygun
868,İstanbul,Esenler,Kazım Karabekir Mahallesi,1750000,130,110,4+1,0 (Yeni),3. Kat,Krediye Uygun
869,İstanbul,Şişli,Gülbahar Mahallesi,949000,160,150,4+2,16-20,6. Kat,Krediye Uygun Değil
870,İstanbul,Avcılar,Mustafa Kemal Paşa Mahallesi,1500000,100,98,2+1,4,1. Kat,Krediye Uygun
871,İstanbul,Sultangazi,Malkoçoğlu Mahallesi,1585000,160,120,3+1,0 (Yeni),2. Kat,Krediye Uygun
872,İstanbul,Pendik,Velibaba Mahallesi,1680000,117,85,3+1,3,1. Kat,Krediye Uygun
873,İstanbul,Maltepe,Zümrütevler Mahallesi,3500000,100,90,2+1,5-10,4. Kat,Krediye Uygun
874,İstanbul,Üsküdar,Cumhuriyet Mahallesi,1800000,95,85,2+1,16-20,Bahçe Katı,Krediye Uygun
875,İstanbul,Üsküdar,Bulgurlu Mahallesi,7000000,250,210,5+2,21 Ve Üzeri,Düz Giriş,Krediye Uygun
876,İstanbul,Kadıköy,Bostancı Mahallesi,4500000,120,90,3+1,1,3. Kat,Krediye Uygun
877,İstanbul,Beylikdüzü,Cumhuriyet Mahallesi,1650000,165,127,3+1,1,4. Kat,Krediye Uygun
878,İstanbul,Esenyurt,Gökevler Mahallesi,770000,70,55,1+1,5-10,Düz Giriş,Krediye Uygun
879,İstanbul,Esenyurt,Mehmet Akif Ersoy Mahallesi,785000,105,95,2+1,0 (Yeni),3. Kat,Krediye Uygun
880,İstanbul,Beylikdüzü,Barış Mahallesi,1795000,150,140,3+1,16-20,9. Kat,Krediye Uygun
881,İstanbul,Sarıyer,İstinye Mahallesi,3350000,160,140,3+1,21 Ve Üzeri,Çatı Dubleks,Krediye Uygun
882,İstanbul,Sultanbeyli,Battalgazi Mahallesi,1450000,130,110,2+1,5-10,Düz Giriş,Krediye Uygun
883,İstanbul,Esenyurt,Güzelyurt Mahallesi,810000,110,100,2+1,0 (Yeni),6. Kat,Krediye Uygun
884,İstanbul,Bahçelievler,Zafer Mahallesi,780000,100,95,2+1,0 (Yeni),Tam Bodrum,Krediye Uygun
885,İstanbul,Eyüpsultan,Mithatpaşa Mahallesi,3900000,130,105,2+1,0 (Yeni),4. Kat,Krediye Uygun
886,İstanbul,Başakşehir,Kayabaşı Mahallesi,2280000,124,105,3+1,5-10,1. Kat,Krediye Uygun
887,İstanbul,Başakşehir,Başakşehir Mahallesi,5350000,200,159,4+1,5-10,17. Kat,Krediye Uygun Değil
888,İstanbul,Beylikdüzü,Barış Mahallesi,1795000,150,140,3+1,16-20,9. Kat,Krediye Uygun
889,İstanbul,Sarıyer,İstinye Mahallesi,3350000,160,140,3+1,21 Ve Üzeri,Çatı Dubleks,Krediye Uygun
890,İstanbul,Sultanbeyli,Battalgazi Mahallesi,1450000,130,110,2+1,5-10,Düz Giriş,Krediye Uygun
891,İstanbul,Esenyurt,Güzelyurt Mahallesi,810000,110,100,2+1,0 (Yeni),6. Kat,Krediye Uygun
892,İstanbul,Bahçelievler,Zafer Mahallesi,780000,100,95,2+1,0 (Yeni),Tam Bodrum,Krediye Uygun
893,İstanbul,Eyüpsultan,Mithatpaşa Mahallesi,3900000,130,105,2+1,0 (Yeni),4. Kat,Krediye Uygun
894,İstanbul,Başakşehir,Kayabaşı Mahallesi,2280000,124,105,3+1,5-10,1. Kat,Krediye Uygun
895,İstanbul,Başakşehir,Başakşehir Mahallesi,5350000,200,159,4+1,5-10,17. Kat,Krediye Uygun Değil
896,İstanbul,Üsküdar,Ahmediye Mahallesi,1049999,85,80,2+1,21 Ve Üzeri,Yüksek Giriş,Krediye Uygun
897,İstanbul,Üsküdar,Valide-i Atik Mahallesi,2430000,125,100,3+1,0 (Yeni),2. Kat,Krediye Uygun
898,İstanbul,Gaziosmanpaşa,Merkez Mahallesi,2175000,300,265,5+2,16-20,3. Kat,Krediye Uygun
899,İstanbul,Pendik,Doğu Mahallesi,2150000,80,68,2+1,4,7. Kat,Krediye Uygun
900,İstanbul,Çekmeköy,Taşdelen Mahallesi,875000,65,64,1+1,5-10,Bahçe Katı,Krediye Uygun
901,İstanbul,Ümraniye,Çamlık Mahallesi,2050000,190,165,3+2,5-10,5. Kat,Krediye Uygun
902,İstanbul,Silivri,Yeni Mahallesi,749000,75,56,2+1,11-15,2. Kat,Krediye Uygun
903,İstanbul,Başakşehir,Ziya Gökalp Mahallesi,3350000,150,135,3+1,4,Yüksek Giriş,Krediye Uygun
904,İstanbul,Başakşehir,Ziya Gökalp Mahallesi,2900000,135,100,2+1,4,22. Kat,Krediye Uygun
905,İstanbul,Başakşehir,Güvercintepe Mahallesi,975000,100,90,2+1,3,2. Kat,Krediye Uygun
906,İstanbul,Küçükçekmece,Kemalpaşa Mahallesi,1750000,140,130,4+2,0 (Yeni),3. Kat,Krediye Uygun
907,İstanbul,Esenyurt,Zafer Mahallesi,1200000,70,58,1+1,5-10,4. Kat,Krediye Uygun
908,İstanbul,Silivri,Gümüşyaka Mahallesi,2680000,800,300,6+2,11-15,Düz Giriş,Krediye Uygun
909,İstanbul,Beyoğlu,Gümüşsuyu Mahallesi,2350000,70,65,1+1,21 Ve Üzeri,2. Kat,Krediye Uygun Değil
910,İstanbul,Çekmeköy,Nişantepe Mahallesi,1695000,95,75,2+1,5-10,9. Kat,Krediye Uygun
911,İstanbul,Beyoğlu,Gümüşsuyu Mahallesi,2350000,70,65,1+1,21 Ve Üzeri,Düz Giriş,Krediye Uygun Değil
912,İstanbul,Beylikdüzü,Adnan Kahveci Mahallesi,3150000,245,235,4+2,5-10,1. Kat,Krediye Uygun
913,İstanbul,Arnavutköy,Deliklikaya Mahallesi,1875000,140,120,3+1,4,9. Kat,Krediye Uygun
914,İstanbul,Fatih,Karagümrük Mahallesi,2000000,130,125,3+1,21 Ve Üzeri,2. Kat,Krediye Uygun
915,İstanbul,Çekmeköy,Hamidiye Mahallesi,1250000,80,75,2+1,4,1. Kat,Krediye Uygun
916,İstanbul,Üsküdar,Selimiye Mahallesi,4150000,135,110,3+1,4,2. Kat,Krediye Uygun
917,İstanbul,Eyüpsultan,Merkez Mahallesi,2100000,125,120,3+1,0 (Yeni),3. Kat,Krediye Uygun
918,İstanbul,Eyüpsultan,Merkez Mahallesi,2100000,125,120,3+1,0 (Yeni),3. Kat,Krediye Uygun
919,İstanbul,Sancaktepe,Kemal Türkler Mahallesi,550000,90,75,2+1,5-10,Bahçe Katı,Krediye Uygun
920,İstanbul,Ümraniye,Site Mahallesi,1320000,100,85,2+1,11-15,3. Kat,Krediye Uygun
921,İstanbul,Sancaktepe,Kemal Türkler Mahallesi,550000,90,75,2+1,5-10,Bahçe Katı,Krediye Uygun Değil
922,İstanbul,Maltepe,Feyzullah Mahallesi,2380000,95,75,2+1,0 (Yeni),4. Kat,Krediye Uygun
923,İstanbul,Bahçelievler,Fevzi Çakmak Mahallesi,1530000,115,110,3+1,1,2. Kat,Krediye Uygun
924,İstanbul,Çekmeköy,Aydınlar Mahallesi,1100000,90,80,2+1,4,5. Kat,Krediye Uygun
925,İstanbul,Gaziosmanpaşa,Kazım Karabekir Mahallesi,860000,140,130,4+2,11-15,Bahçe Katı,Krediye Uygun
926,İstanbul,Eyüpsultan,Yeşilpınar Mahallesi,1480000,85,80,2+1,0 (Yeni),2. Kat,Krediye Uygun
927,İstanbul,Başakşehir,Bahçeşehir 2. Kısım Mahallesi,10000000,330,300,5+2,21 Ve Üzeri,Düz Giriş,Krediye Uygun
928,İstanbul,Beşiktaş,Ulus Mahallesi,6985000,130,120,2.5+1,21 Ve Üzeri,Yüksek Giriş,Krediye Uygun
929,İstanbul,Ümraniye,Madenler Mahallesi,900000,80,65,2+1,1,Yüksek Giriş,Krediye Uygun
930,İstanbul,Çekmeköy,Mimar Sinan Mahallesi,1525000,95,80,2+1,0 (Yeni),4. Kat,Krediye Uygun
931,İstanbul,Çekmeköy,Taşdelen Mahallesi,1395000,95,85,2+1,0 (Yeni),1. Kat,Krediye Uygun
932,İstanbul,Maltepe,Bağlarbaşı Mahallesi,2350000,120,100,3+1,3,3. Kat,Krediye Uygun
933,İstanbul,Kadıköy,Erenköy Mahallesi,4390000,91,71,3+1,5-10,Yüksek Giriş,Krediye Uygun
934,İstanbul,Kadıköy,Bostancı Mahallesi,5390000,240,210,4+1,21 Ve Üzeri,1. Kat,Krediye Uygun
935,İstanbul,Bahçelievler,Siyavuşpaşa Mahallesi,1475000,135,125,3+1,21 Ve Üzeri,5. Kat,Krediye Uygun
936,İstanbul,Sultangazi,Yunus Emre Mahallesi,670000,89,80,2+1,21 Ve Üzeri,2. Kat,Bilinmiyor
937,İstanbul,Bayrampaşa,Kartaltepe Mahallesi,2450000,190,180,4+2,0 (Yeni),Çatı Dubleks,Krediye Uygun
938,İstanbul,Kağıthane,Merkez Mahallesi,2750000,80,70,2+1,4,2. Kat,Krediye Uygun
939,İstanbul,Kağıthane,Emniyet Evleri Mahallesi,2200000,80,65,2+1,2,11. Kat,Krediye Uygun
940,İstanbul,Güngören,Akıncılar Mahallesi,2500000,125,115,3+1,11-15,2. Kat,Krediye Uygun
941,İstanbul,Bahçelievler,Şirinevler Mahallesi,1150000,115,100,2+1,21 Ve Üzeri,1. Kat,Krediye Uygun
942,İstanbul,Beylikdüzü,Adnan Kahveci Mahallesi,2950000,230,200,4+2,0 (Yeni),Çatı Katı,Krediye Uygun
943,İstanbul,Maltepe,Çınar Mahallesi,1680000,100,90,2+1,4,Bahçe Katı,Krediye Uygun
944,İstanbul,Küçükçekmece,Cennet Mahallesi,1595000,110,105,3+1,5-10,1. Kat,Krediye Uygun
945,İstanbul,Kartal,Soğanlık Yeni Mahallesi,1450000,115,95,3+1,0 (Yeni),Yüksek Giriş,Krediye Uygun
946,İstanbul,Kartal,Soğanlık Yeni Mahallesi,1495000,115,95,3+1,0 (Yeni),Yüksek Giriş,Krediye Uygun
947,İstanbul,Esenyurt,Zafer Mahallesi,650000,75,70,1+1,4,4. Kat,Krediye Uygun Değil
948,İstanbul,Kartal,Soğanlık Yeni Mahallesi,1775000,115,95,3+1,0 (Yeni),1. Kat,Krediye Uygun
949,İstanbul,Sancaktepe,Meclis Mahallesi,1350000,130,120,3+1,5-10,3. Kat,Krediye Uygun
950,İstanbul,Kağıthane,Emniyet Evleri Mahallesi,1500000,90,80,2+1,5-10,1. Kat,Krediye Uygun
951,İstanbul,Bahçelievler,Soğanlı Mahallesi,1649000,105,95,2+1,0 (Yeni),1. Kat,Krediye Uygun
952,İstanbul,Bahçelievler,Siyavuşpaşa Mahallesi,2450000,120,115,3+1,5-10,1. Kat,Krediye Uygun
953,İstanbul,Çekmeköy,Sultançiftliği Mahallesi,1200000,105,90,2+1,0 (Yeni),Yüksek Giriş,Krediye Uygun
954,İstanbul,Beşiktaş,Yıldız Mahallesi,2600000,80,75,2+1,21 Ve Üzeri,Kot 1 (-1). Kat,Krediye Uygun
955,İstanbul,Sultangazi,Sultançiftliği Mahallesi,650000,120,115,2+1,16-20,3. Kat,Krediye Uygun Değil
956,İstanbul,Esenyurt,Balıkyolu Mahallesi,515000,95,85,2+1,3,Bahçe Katı,Krediye Uygun
957,İstanbul,Kadıköy,Bostancı Mahallesi,2595000,130,110,3+1,21 Ve Üzeri,8. Kat,Krediye Uygun
958,İstanbul,Çekmeköy,Merkez Mahallesi,850000,78,65,2+1,5-10,Yüksek Giriş,Krediye Uygun
959,İstanbul,Kartal,Yakacık Yeni Mahallesi,3150000,140,120,3+1,3,5. Kat,Krediye Uygun
960,İstanbul,Tuzla,Postane Mahallesi,2850000,125,100,3+1,0 (Yeni),6. Kat,Krediye Uygun
961,İstanbul,Kağıthane,Seyrantepe Mahallesi,21000000,215,190,2+1,3,18. Kat,Krediye Uygun
962,İstanbul,Kağıthane,Seyrantepe Mahallesi,16500000,90,80,1+1,3,14. Kat,Krediye Uygun
963,İstanbul,Pendik,Velibaba Mahallesi,2500000,120,110,3+1,1,1. Kat,Krediye Uygun
964,İstanbul,Ataşehir,Barbaros Mahallesi,4750000,120,95,2+1,11-15,17. Kat,Krediye Uygun
965,İstanbul,Kadıköy,Merdivenköy Mahallesi,4650000,140,110,3+1,11-15,1. Kat,Krediye Uygun
966,İstanbul,Sultanbeyli,Mimar Sinan Mahallesi,949000,115,105,2+1,0 (Yeni),3. Kat,Krediye Uygun
967,İstanbul,Sultanbeyli,Mimar Sinan Mahallesi,1600000,190,170,4+2,0 (Yeni),5. Kat,Krediye Uygun
968,İstanbul,Sancaktepe,Abdurrahmangazi Mahallesi,915000,89,80,2+1,0 (Yeni),2. Kat,Krediye Uygun
969,İstanbul,Üsküdar,Ahmediye Mahallesi,1040000,85,80,2+1,21 Ve Üzeri,3. Kat,Krediye Uygun
970,İstanbul,Maltepe,İdealtepe Mahallesi,1495000,75,65,2+1,3,Bahçe Katı,Krediye Uygun
971,İstanbul,Maltepe,Küçükyalı Mahallesi,765000,70,58,1+1,21 Ve Üzeri,1. Kat,Krediye Uygun Değil
972,İstanbul,Maltepe,Altıntepe Mahallesi,1900000,115,95,2+1,21 Ve Üzeri,2. Kat,Krediye Uygun
973,İstanbul,Güngören,Gençosman Mahallesi,2000000,160,150,5+1,0 (Yeni),Çatı Dubleks,Krediye Uygun
974,İstanbul,Sultangazi,75. Yıl Mahallesi,450000,100,90,2+1,21 Ve Üzeri,Bahçe Katı,Krediye Uygun
975,İstanbul,Kadıköy,Bostancı Mahallesi,1650000,110,88,3+1,21 Ve Üzeri,Düz Giriş,Krediye Uygun
976,İstanbul,Pendik,Şeyhli Mahallesi,1250000,95,85,2+1,4,1. Kat,Krediye Uygun
977,İstanbul,Bahçelievler,Siyavuşpaşa Mahallesi,1425000,105,93,2+1,0 (Yeni),1. Kat,Krediye Uygun
978,İstanbul,Bahçelievler,Siyavuşpaşa Mahallesi,1425000,105,93,2+1,0 (Yeni),1. Kat,Krediye Uygun
979,İstanbul,Esenler,Fatih Mahallesi,649000,103,90,2+1,5-10,Bahçe Katı,Krediye Uygun
980,İstanbul,Sultangazi,Cebeci Mahallesi,799000,95,90,2+1,0 (Yeni),Düz Giriş,Krediye Uygun
981,İstanbul,Sultangazi,Uğur Mumcu Mahallesi,1149000,100,95,2+1,4,2. Kat,Krediye Uygun
982,İstanbul,Sultangazi,İsmetpaşa Mahallesi,855000,135,130,3+1,11-15,Yüksek Giriş,Krediye Uygun
983,İstanbul,Kadıköy,Suadiye Mahallesi,6950000,153,138,3+1,3,5. Kat,Krediye Uygun
984,İstanbul,Esenyurt,İnönü Mahallesi,650000,98,88,2+1,11-15,1. Kat,Krediye Uygun
985,İstanbul,Kağıthane,Merkez Mahallesi,1900000,200,180,5+1,5-10,Düz Giriş,Krediye Uygun
986,İstanbul,Şişli,19 Mayıs Mahallesi,2100000,90,80,2+1,21 Ve Üzeri,1. Kat,Krediye Uygun
987,İstanbul,Kadıköy,Feneryolu Mahallesi,4150000,110,80,3+1,5-10,3. Kat,Krediye Uygun
988,İstanbul,Sultangazi,Malkoçoğlu Mahallesi,1695000,190,170,2+1,0 (Yeni),Çatı Dubleks,Krediye Uygun
989,İstanbul,Beylikdüzü,Adnan Kahveci Mahallesi,1399999,120,110,2+1,0 (Yeni),4. Kat,Krediye Uygun
990,İstanbul,Esenyurt,Mehterçeşme Mahallesi,525000,100,85,1+1,0 (Yeni),Bahçe Katı,Krediye Uygun
991,İstanbul,Maltepe,Altıntepe Mahallesi,1090000,50,40,1+1,5-10,Bahçe Katı,Krediye Uygun
992,İstanbul,Pendik,Şeyhli Mahallesi,1250000,95,85,2+1,0 (Yeni),4. Kat,Krediye Uygun
993,İstanbul,Bahçelievler,Yenibosna Merkez Mahallesi,1500000,130,120,3+1,0 (Yeni),4. Kat,Krediye Uygun
994,İstanbul,Gaziosmanpaşa,Hürriyet Mahallesi,995000,98,90,2+1,11-15,Yüksek Giriş,Krediye Uygun
995,İstanbul,Kağıthane,Merkez Mahallesi,745000,70,65,1+1,11-15,Yüksek Giriş,Krediye Uygun
996,İstanbul,Esenyurt,Selahaddin Eyyubi Mahallesi,615000,100,95,2+1,0 (Yeni),Yüksek Giriş,Krediye Uygun
997,İstanbul,Tuzla,Yayla Mahallesi,2200000,123,100,3+1,0 (Yeni),1. Kat,Krediye Uygun
998,İstanbul,Esenyurt,İncirtepe Mahallesi,645000,120,110,2+1,5-10,Yüksek Giriş,Krediye Uygun
999,İstanbul,Esenler,Tuna Mahallesi,450000,144,100,2+1,16-20,Çatı Katı,Krediye Uygun Değil
1000,İstanbul,Sultanbeyli,Mimar Sinan Mahallesi,890000,110,100,3+1,0 (Yeni),3. Kat,Krediye Uygun
1001,İstanbul,Sancaktepe,Yenidoğan Mahallesi,850000,95,80,2+1,0 (Yeni),3. Kat,Krediye Uygun
1002,İstanbul,Ümraniye,Yamanevler Mahallesi,770000,65,55,1+1,0 (Yeni),Bahçe Katı,Krediye Uygun
1003,İstanbul,Esenyurt,Necip Fazıl Kısakürek Mahallesi,990000,235,230,4+2,5-10,1. Kat,Krediye Uygun
1004,İstanbul,Kağıthane,Gültepe Mahallesi,540000,72,64,1+1,21 Ve Üzeri,5. Kat,Krediye Uygun Değil
1005,İstanbul,Pendik,Güzelyalı Mahallesi,675000,190,150,3+1,21 Ve Üzeri,5. Kat,Krediye Uygun
1006,İstanbul,Beylikdüzü,Cumhuriyet Mahallesi,539999,110,95,2+1,0 (Yeni),Yüksek Giriş,Krediye Uygun
1007,İstanbul,Bahçelievler,Şirinevler Mahallesi,839000,75,65,2+1,5-10,Bahçe Katı,Krediye Uygun
1008,İstanbul,Beylikdüzü,Cumhuriyet Mahallesi,539999,110,95,2+1,0 (Yeni),Yüksek Giriş,Krediye Uygun
1009,İstanbul,Bahçelievler,Şirinevler Mahallesi,839000,75,65,2+1,5-10,Bahçe Katı,Krediye Uygun
1010,İstanbul,Maltepe,Altıntepe Mahallesi,2990000,130,100,3+1,3,3. Kat,Krediye Uygun
1011,İstanbul,Esenyurt,Zafer Mahallesi,1150000,85,75,1+1,4,15. Kat,Krediye Uygun
1012,İstanbul,Ümraniye,Aşağı Dudullu Mahallesi,5450000,176,150,3+1,11-15,1. Kat,Krediye Uygun
1013,İstanbul,Gaziosmanpaşa,Barbaros Hayrettinpaşa Mahallesi,1835000,195,175,4+1,5-10,3. Kat,Krediye Uygun
1014,İstanbul,Başakşehir,Ziya Gökalp Mahallesi,2900000,139,114,2+1,5-10,15. Kat,Krediye Uygun
